year,genero,user_id,playtime_forever
2012,Indie,doctr,526
2013,Action,js41637,394
2012,Action,doctr,374
2013,Indie,js41637,337
2012,Adventure,doctr,309
2014,Indie,maplemage,299
2013,Indie,maplemage,295
2023,Action,Mastic,278
2023,Indie,76561198070194565,271
2013,Strategy,js41637,269
2015,Indie,diego9031,261
2014,Indie,Xx-Woods,252
2014,Indie,AVATAR715,231
2014,Indie,ii_voltage_ii,224
2013,Action,maplemage,212
2011,Action,76561197970982479,204
2014,Action,js41637,201
2012,Indie,xfluttersx,200
2015,Action,diego9031,196
2014,Action,maplemage,194
2012,Casual,doctr,194
2013,Simulation,js41637,189
2014,Adventure,maplemage,185
2015,Indie,2768820078,184
2013,Adventure,js41637,184
2012,Strategy,doctr,182
2012,Simulation,doctr,177
2023,Strategy,Mastic,176
2015,Indie,xfluttersx,171
2012,RPG,doctr,169
2014,Action,Mastic,168
2013,Indie,1337lolroflmao,168
2014,Action,Xx-Woods,162
2015,Indie,DieMadchenschanderin,161
2013,Action,1337lolroflmao,159
2013,Casual,js41637,159
2013,Adventure,maplemage,158
2014,Adventure,Xx-Woods,155
2015,Adventure,diego9031,151
2023,Indie,washington_,144
2023,Action,76561198070194565,144
2023,Casual,76561198070194565,144
2023,Indie,Mastic,142
2015,Action,DieMadchenschanderin,139
2013,RPG,js41637,139
2015,Casual,diego9031,139
2014,Indie,sad-commie,137
2015,Indie,UTNerd24,137
2014,Adventure,ii_voltage_ii,135
2023,Adventure,76561198070194565,134
2014,Action,ii_voltage_ii,134
2015,Action,xfluttersx,133
2014,Action,AVATAR715,133
2014,Indie,doctr,130
2014,Adventure,AVATAR715,129
2023,Indie,76561198088944293,127
2013,Indie,doctr,126
2014,Strategy,js41637,126
2014,Indie,js41637,126
2015,Indie,AVATAR715,126
2014,Indie,1337lolroflmao,125
2014,Casual,Xx-Woods,124
2015,Indie,76561198043458582,124
2013,Casual,maplemage,124
2014,Simulation,maplemage,123
2013,Simulation,maplemage,123
2014,Action,1337lolroflmao,122
2023,Indie,EizanAratoFujimaki,121
2014,Indie,Posiblydead,120
2014,Casual,maplemage,120
2014,Indie,evcentric,116
2014,Indie,Mastic,116
2014,Strategy,maplemage,116
2011,Strategy,76561197970982479,115
2011,Indie,76561197970982479,114
2014,Strategy,Mastic,113
2014,Indie,kube134,112
2014,Simulation,js41637,111
2023,Indie,jonasdbomb,110
2015,Strategy,diego9031,109
2013,Indie,DieMadchenschanderin,108
2023,Casual,Mastic,108
2012,Indie,thequeenpanda,107
2013,Indie,DJKamBer,107
2013,Adventure,1337lolroflmao,106
2014,Action,doctr,104
2015,Action,76561198043458582,104
2014,Casual,AVATAR715,104
2015,Adventure,2768820078,102
2015,Indie,EizanAratoFujimaki,101
2015,Indie,ii_voltage_ii,101
2015,Action,AVATAR715,101
2014,Adventure,js41637,101
2023,Indie,76561198056392326,100
2011,Casual,76561197970982479,100
2011,Adventure,76561197970982479,99
2023,Strategy,76561198070194565,98
2023,Indie,diego9031,98
2015,Adventure,DieMadchenschanderin,98
2013,Indie,ii_voltage_ii,97
2015,Casual,xfluttersx,97
2012,Action,xfluttersx,97
2015,Action,2768820078,97
2023,Adventure,Mastic,97
2013,Strategy,maplemage,96
2014,Indie,UTNerd24,95
2014,Action,sad-commie,93
2015,Casual,UTNerd24,93
2015,Indie,therealmorty,92
2023,Indie,DieMadchenschanderin,92
2015,Simulation,diego9031,92
2012,Casual,xfluttersx,90
2015,Indie,Magjiikal,89
2013,Indie,diego9031,89
2014,Indie,2d4nk4m3,88
2023,Action,76561198088944293,88
2015,Indie,ohnospaghet,88
2023,Simulation,Mastic,87
2014,Action,evcentric,87
2013,Indie,xfluttersx,86
2015,Indie,kevinator23,86
2014,Casual,ii_voltage_ii,86
2014,Casual,js41637,85
2015,Adventure,xfluttersx,85
2023,Indie,ohnospaghet,85
2014,Adventure,1337lolroflmao,85
2011,Simulation,76561197970982479,85
2015,RPG,diego9031,85
2012,Adventure,xfluttersx,85
2013,Action,doctr,84
2015,Action,ii_voltage_ii,84
2013,RPG,maplemage,84
2012,Action,thequeenpanda,83
2015,Action,Mastic,83
2013,Adventure,doctr,83
2014,RPG,maplemage,83
2014,Indie,xfluttersx,82
2023,Action,washington_,82
2015,Action,1337lolroflmao,82
2014,Strategy,ii_voltage_ii,82
2015,Action,UTNerd24,82
2023,Adventure,washington_,82
2014,Indie,YoHuNz,81
2015,Indie,1337lolroflmao,81
2015,Indie,iamthekingofbrowntown,80
2023,Indie,xfluttersx,80
2015,Strategy,2768820078,80
2015,Indie,DemonicWolvz,80
2015,Indie,Nozomikat,79
2014,Adventure,sad-commie,79
2012,Casual,thequeenpanda,78
2014,Simulation,ii_voltage_ii,78
2023,Action,EizanAratoFujimaki,78
2015,Casual,DieMadchenschanderin,78
2023,Simulation,76561198070194565,77
2013,Action,ii_voltage_ii,76
2014,Action,kube134,76
2014,Simulation,Xx-Woods,76
2015,Simulation,DieMadchenschanderin,76
2015,Strategy,DieMadchenschanderin,75
2013,Strategy,1337lolroflmao,75
2014,Strategy,AVATAR715,75
2015,Indie,76561198102421718,74
2014,Strategy,evcentric,74
2014,Adventure,doctr,74
2014,Indie,ohnospaghet,74
2014,RPG,js41637,74
2014,Casual,Mastic,74
2015,Casual,AVATAR715,73
2014,Casual,sad-commie,73
2023,Indie,sad-commie,73
2014,RPG,Xx-Woods,73
2014,Strategy,Xx-Woods,72
2013,Casual,1337lolroflmao,72
2023,RPG,Mastic,72
2023,RPG,76561198070194565,72
2023,Adventure,jonasdbomb,71
2014,Simulation,AVATAR715,70
2015,Simulation,2768820078,69
2011,RPG,76561197970982479,69
2012,Adventure,thequeenpanda,69
2013,Action,diego9031,69
2013,Indie,Nozomikat,68
2014,Action,ohnospaghet,68
2015,Indie,Mastic,67
2023,Casual,DieMadchenschanderin,67
2014,Action,76561198061174192,67
2023,Action,jonasdbomb,67
2014,Action,Posiblydead,66
2015,Indie,Coldaniel,66
2015,Adventure,EizanAratoFujimaki,66
2014,Adventure,evcentric,66
2015,Adventure,AVATAR715,66
2014,Action,2d4nk4m3,65
2014,Adventure,Mastic,65
2015,Adventure,1337lolroflmao,65
2015,Action,76561198047630659,65
2023,Action,76561198056392326,65
2015,Indie,death-hunter,64
2014,Indie,76561198056741844,64
2015,RPG,2768820078,63
2014,RPG,ii_voltage_ii,63
2015,Action,therealmorty,63
2023,Adventure,76561198056392326,62
2015,Adventure,ii_voltage_ii,62
2014,Indie,76561198070565427,62
2023,Adventure,76561198088944293,61
2014,Casual,Posiblydead,61
2013,Simulation,1337lolroflmao,60
2013,Adventure,ii_voltage_ii,60
2014,Casual,kube134,60
2013,Action,DJKamBer,59
2013,RPG,1337lolroflmao,59
2013,Action,DieMadchenschanderin,58
2023,Indie,Myther43,58
2014,RPG,Mastic,58
2015,Strategy,Mastic,58
2014,Simulation,Posiblydead,58
2014,Simulation,sad-commie,57
2015,Action,Magjiikal,57
2023,Action,diego9031,57
2014,Casual,evcentric,57
2015,Action,kevinator23,57
2015,Action,Nozomikat,57
2015,Action,DemonicWolvz,57
2023,Casual,washington_,57
2013,Casual,diego9031,57
2014,Action,xfluttersx,56
2013,Casual,DJKamBer,56
2013,Adventure,DJKamBer,56
2014,Indie,76561198070194565,56
2014,RPG,1337lolroflmao,56
2013,Casual,ii_voltage_ii,56
2015,Casual,ii_voltage_ii,56
2014,Adventure,kube134,56
2015,Adventure,UTNerd24,56
2015,RPG,76561198043458582,55
2014,Indie,Nozomikat,55
2023,Casual,xfluttersx,54
2014,Casual,YoHuNz,54
2015,Indie,GGargula,54
2023,Action,ohnospaghet,54
2015,Casual,2768820078,54
2023,Action,DieMadchenschanderin,54
2015,RPG,DieMadchenschanderin,54
2014,Strategy,Posiblydead,54
2013,Casual,doctr,53
2014,Casual,UTNerd24,53
2023,Strategy,76561198088944293,53
2014,Casual,doctr,53
2023,Adventure,xfluttersx,53
2015,Adventure,iamthekingofbrowntown,52
2014,Adventure,Posiblydead,51
2015,Simulation,xfluttersx,51
2014,Simulation,evcentric,51
2012,Indie,Posiblydead,51
2023,Indie,Xx-Woods,51
2014,Action,UTNerd24,51
2014,Strategy,1337lolroflmao,50
2015,Action,EizanAratoFujimaki,50
2015,Action,76561198044169764,50
2015,Indie,76561198070194565,50
2012,Early Access,doctr,49
2013,Adventure,xfluttersx,49
2015,Action,ohnospaghet,49
2015,Adventure,kevinator23,49
2014,Strategy,UTNerd24,49
2012,Simulation,thequeenpanda,49
2015,Simulation,AVATAR715,49
2012,Strategy,xfluttersx,49
2015,Strategy,xfluttersx,49
2014,Casual,1337lolroflmao,49
2015,Indie,76561198047630659,49
2012,Free to Play,doctr,48
2013,Adventure,diego9031,48
2013,Simulation,DJKamBer,48
2014,Indie,76561198030567998,48
2015,Casual,therealmorty,48
2015,Adventure,76561198043458582,48
2023,Adventure,DieMadchenschanderin,48
2012,RPG,xfluttersx,48
2014,Simulation,Mastic,48
2014,Simulation,kube134,48
2023,Simulation,76561198088944293,48
2015,Action,iamthekingofbrowntown,48
2015,Indie,76561198030567998,47
2013,Indie,UTNerd24,47
2023,Strategy,OzfurAtlas,47
2014,RPG,AVATAR715,47
2015,Casual,ReMiXOfficalSteam,47
2015,Simulation,ReMiXOfficalSteam,47
2014,Indie,76561198054540475,47
2015,Casual,kevinator23,47
2015,Adventure,ohnospaghet,47
2013,Strategy,doctr,47
2014,Strategy,doctr,47
2015,Indie,Bluezap1,47
2023,Casual,jonasdbomb,46
2013,Action,xfluttersx,46
2015,Casual,EizanAratoFujimaki,46
2014,Casual,xfluttersx,46
2013,Indie,yookobz,46
2013,Indie,relesprit,45
2014,Simulation,1337lolroflmao,45
2015,Casual,iamthekingofbrowntown,45
2014,Indie,DemonicWolvz,45
2023,Indie,GGargula,45
2014,Simulation,76561198061174192,45
2023,RPG,washington_,45
2015,Adventure,Magjiikal,45
2013,Indie,76561198028895010,45
2015,Strategy,AVATAR715,45
2015,Indie,Xx-Woods,45
2014,Simulation,doctr,45
2023,Casual,76561198088944293,45
2014,Indie,76561198090715178,45
2014,Strategy,sad-commie,45
2015,Adventure,DemonicWolvz,44
2015,Action,76561198065593074,44
2023,Casual,diego9031,44
2015,Indie,yookobz,44
2023,Action,xfluttersx,44
2023,Indie,76561198077246154,44
2015,Strategy,UTNerd24,44
2023,Casual,sad-commie,44
2023,Action,OzfurAtlas,43
2013,Casual,DieMadchenschanderin,43
2023,Simulation,diego9031,43
2015,Simulation,76561198043458582,43
2023,Simulation,76561198056392326,43
2013,Free to Play,maplemage,43
2012,Casual,Posiblydead,43
2015,Indie,76561197994493402,42
2014,Adventure,xfluttersx,42
2023,Casual,76561198056392326,42
2015,Casual,1337lolroflmao,42
2015,Indie,mimimomoma,42
2015,Indie,killbunny38,42
2014,Indie,76561197994493402,42
2013,Simulation,doctr,42
2013,RPG,ii_voltage_ii,42
2012,Indie,76561198028895010,42
2015,Casual,Nozomikat,42
2015,Indie,MarbleShrine,42
2012,Action,Posiblydead,42
2015,Indie,VVillis,42
2023,Simulation,jonasdbomb,42
2013,Strategy,DJKamBer,42
2015,Indie,76561198126640317,41
2014,Action,YoHuNz,41
2015,Adventure,76561198030567998,41
2023,Adventure,EizanAratoFujimaki,41
2015,Strategy,EizanAratoFujimaki,41
2015,Action,death-hunter,41
2015,RPG,UTNerd24,41
2023,Casual,EizanAratoFujimaki,41
2014,Indie,WitchHunter4542,41
2014,Indie,76561198077246154,41
2015,Strategy,76561198065593074,40
2013,Early Access,maplemage,40
2023,RPG,76561198088944293,40
2014,RPG,sad-commie,40
2015,Strategy,76561198043458582,40
2015,Indie,sandwiches1,40
2014,Simulation,ohnospaghet,40
2014,RPG,evcentric,40
2023,Early Access,76561198070194565,40
2012,Indie,jarrodtrim,39
2023,Adventure,ohnospaghet,39
2014,Adventure,2d4nk4m3,39
2015,Casual,76561198102421718,39
2013,Simulation,ii_voltage_ii,39
2014,Adventure,ohnospaghet,39
2014,Indie,kevinator23,39
2023,Action,sad-commie,39
2023,Simulation,washington_,39
2014,Action,76561198056741844,39
2015,Action,Coldaniel,39
2014,Indie,wantmahbody,39
2023,Indie,OzfurAtlas,38
2014,Adventure,UTNerd24,38
2023,Action,2768820078,38
2014,RPG,doctr,38
2015,Indie,76561198065593074,38
2014,Casual,76561198070565427,38
2014,Action,smashiroshh,38
2015,Early Access,diego9031,37
2014,Casual,76561198061174192,37
2023,Adventure,diego9031,37
2015,Casual,DemonicWolvz,37
2023,Indie,76561197994493402,37
2023,Simulation,ohnospaghet,37
2015,Indie,DJKamBer,37
2014,Indie,KanadeTheNeko,37
2023,Strategy,washington_,37
2023,RPG,76561198056392326,37
2014,Action,Nozomikat,37
2015,Free to Play,diego9031,37
2014,Adventure,YoHuNz,37
2014,Indie,76561198061174192,37
2015,Adventure,76561198102421718,37
2013,Action,UTNerd24,37
2012,Sports,doctr,36
2014,Strategy,kube134,36
2014,Casual,ohnospaghet,36
2015,Strategy,iamthekingofbrowntown,36
2023,Strategy,76561198056392326,36
2014,Casual,76561198070194565,36
2014,Early Access,ii_voltage_ii,36
2014,Casual,76561198056741844,36
2015,Action,76561198102421718,35
2023,Strategy,DieMadchenschanderin,35
2015,Strategy,1337lolroflmao,35
2023,Strategy,jonasdbomb,35
2014,Indie,devvonst,35
2015,Adventure,death-hunter,35
2015,RPG,xfluttersx,35
2023,Adventure,sad-commie,35
2013,RPG,doctr,35
2014,Adventure,smashiroshh,35
2015,Indie,Berserklejerker,35
2012,Racing,doctr,35
2015,Adventure,therealmorty,35
2023,Indie,76561198085547365,35
2014,Adventure,76561198043458582,35
2023,Adventure,GGargula,34
2013,Strategy,ii_voltage_ii,34
2014,Action,76561198054540475,34
2015,Indie,boydeer,34
2014,Early Access,maplemage,34
2013,Strategy,xfluttersx,34
2014,Indie,DJKamBer,34
2023,Indie,iamthekingofbrowntown,34
2014,Indie,boydeer,34
2012,Indie,DJKamBer,34
2015,Action,76561198030567998,34
2015,Simulation,ii_voltage_ii,34
2015,Adventure,Nozomikat,34
2015,Casual,Coldaniel,34
2015,Casual,76561198070194565,34
2015,Casual,76561198043458582,34
2013,Simulation,DieMadchenschanderin,33
2015,Action,76561198070194565,33
2012,Simulation,xfluttersx,33
2013,Strategy,DieMadchenschanderin,33
2015,Casual,ohnospaghet,33
2023,Casual,ohnospaghet,33
2014,Free to Play,AVATAR715,33
2015,Adventure,Xx-Woods,33
2015,Action,mimimomoma,33
2013,Action,yookobz,33
2015,Sports,DieMadchenschanderin,33
2015,Strategy,ohnospaghet,32
2023,Simulation,sad-commie,32
2014,Action,DemonicWolvz,32
2023,Action,76561198050347115,32
2015,Action,GGargula,32
2015,RPG,iamthekingofbrowntown,32
2012,Free to Play,thequeenpanda,32
2014,Early Access,AVATAR715,32
2014,Indie,Coldaniel,32
2015,Indie,evcentric,32
2015,Simulation,UTNerd24,32
2013,Casual,xfluttersx,32
2014,Adventure,DemonicWolvz,32
2023,Action,Myther43,32
2014,Early Access,Xx-Woods,31
2023,Action,76561198077246154,31
2014,Simulation,UTNerd24,31
2015,Action,Wilfire77,31
2013,Indie,Pyromanic,31
2015,Casual,Magjiikal,31
2014,Casual,2d4nk4m3,31
2015,Indie,Rivtex,31
2014,Simulation,xfluttersx,31
2013,Action,Nozomikat,31
2013,Adventure,DieMadchenschanderin,31
2013,RPG,DieMadchenschanderin,31
2014,Action,76561198070194565,31
2015,Action,Bluezap1,31
2015,RPG,ii_voltage_ii,31
2014,Strategy,xfluttersx,31
2015,Casual,death-hunter,31
2023,Indie,76561198156664158,31
2015,Casual,Mastic,31
2015,Simulation,ohnospaghet,30
2015,Simulation,EizanAratoFujimaki,30
2015,Adventure,mimimomoma,30
2012,Action,76561198028895010,30
2013,Action,relesprit,30
2015,Adventure,Mastic,30
2015,RPG,EizanAratoFujimaki,30
2023,Strategy,EizanAratoFujimaki,30
2015,Massively Multiplayer,diego9031,30
2015,Strategy,killbunny38,30
2015,RPG,AVATAR715,30
2013,Indie,DemonicWolvz,30
2014,Casual,Nozomikat,30
2023,Action,76561198065593074,30
2013,Casual,yookobz,30
2014,Action,boydeer,30
2014,Action,wantmahbody,30
2013,Simulation,diego9031,29
2014,Indie,76561198043458582,29
2015,Strategy,Magjiikal,29
2012,Early Access,xfluttersx,29
2015,Strategy,ii_voltage_ii,29
2023,Adventure,2768820078,29
2014,Action,death-hunter,29
2023,Indie,evcentric,29
2023,Indie,2768820078,29
2015,Adventure,76561198047630659,29
2023,Adventure,OzfurAtlas,29
2013,RPG,DJKamBer,29
2014,Indie,TeCool,29
2013,Indie,2xDelorean,29
2015,RPG,1337lolroflmao,28
2023,RPG,xfluttersx,28
2015,Simulation,Coldaniel,28
2015,Adventure,76561198065593074,28
2013,Casual,UTNerd24,28
2015,Indie,washington_,28
2013,Action,2xDelorean,28
2023,Adventure,76561198077246154,28
2015,Action,MarbleShrine,28
2012,RPG,thequeenpanda,28
2014,Adventure,76561198070565427,28
2014,Adventure,76561198056741844,28
2015,Casual,Bluezap1,28
2023,RPG,diego9031,28
2012,Action,jarrodtrim,28
2013,Casual,Nozomikat,28
2023,Adventure,Myther43,28
2015,Simulation,Mastic,28
2023,Simulation,OzfurAtlas,28
2014,Indie,Rainbow-Dashie,28
2015,Adventure,76561198126640317,27
2014,Adventure,76561198061174192,27
2013,Adventure,relesprit,27
2023,RPG,jonasdbomb,27
2015,Strategy,76561198030567998,27
2015,Action,76561198126640317,27
2015,Simulation,1337lolroflmao,27
2013,Strategy,76561198028895010,27
2014,Racing,Xx-Woods,27
2023,Action,GGargula,27
2012,Adventure,Posiblydead,27
2013,Free to Play,DieMadchenschanderin,27
2015,Indie,76561198141443390,27
2014,Indie,76561198088944293,27
2015,Casual,MarbleShrine,27
2014,Casual,DemonicWolvz,27
2015,Casual,76561198030567998,27
2012,Strategy,thequeenpanda,27
2014,Indie,76561198043472122,27
2014,Indie,smashiroshh,27
2023,Casual,2768820078,27
2023,Racing,Mastic,26
2012,Adventure,DJKamBer,26
2015,Adventure,Bluezap1,26
2023,Simulation,DieMadchenschanderin,26
2015,Casual,sandwiches1,26
2015,Casual,yookobz,26
2014,RPG,kube134,26
2014,Adventure,Nozomikat,26
2013,Simulation,xfluttersx,26
2015,Action,evcentric,26
2015,Indie,76561198065656175,26
2023,Free to Play,76561198070194565,26
2014,Action,kevinator23,26
2015,Action,killbunny38,26
2023,RPG,OzfurAtlas,26
2013,Strategy,diego9031,26
2015,Simulation,Magjiikal,26
2014,Adventure,76561198054540475,26
2015,Adventure,76561198070194565,26
2014,Strategy,ohnospaghet,26
2014,Action,76561198043458582,26
2015,Strategy,66666669999999,26
2015,Simulation,iamthekingofbrowntown,26
2014,Adventure,76561198090715178,26
2015,Indie,76561198054540475,26
2014,Indie,76561198081962345,25
2012,Sports,thequeenpanda,25
2013,Strategy,relesprit,25
2013,RPG,xfluttersx,25
2015,Early Access,UTNerd24,25
2015,Action,yookobz,25
2014,Sports,AVATAR715,25
2015,RPG,kevinator23,25
2014,Casual,76561198030567998,25
2012,Casual,jarrodtrim,25
2015,Simulation,76561198065593074,25
2014,Early Access,sad-commie,25
2015,Action,boydeer,25
2014,Simulation,76561198070565427,25
2014,Indie,death-hunter,25
2015,Simulation,76561198044169764,25
2015,Action,DJKamBer,25
2012,Free to Play,xfluttersx,25
2023,RPG,ohnospaghet,25
2014,Action,76561198070565427,25
2014,Sports,maplemage,25
2023,Adventure,Nozomikat,25
2014,Racing,maplemage,24
2023,Action,Xx-Woods,24
2015,Action,sandwiches1,24
2015,Indie,76561198048353577,24
2023,Strategy,xfluttersx,24
2014,Early Access,Posiblydead,24
2013,Indie,76561198048353577,24
2014,Indie,76561198061730629,24
2015,RPG,76561198047630659,24
2014,Strategy,2d4nk4m3,24
2015,Casual,GGargula,24
2014,Adventure,76561198088944293,24
2015,Adventure,boydeer,24
2014,Sports,Xx-Woods,24
2014,Strategy,76561198061174192,24
2015,Sports,diego9031,24
2014,Casual,DJKamBer,24
2013,Racing,maplemage,24
2023,Adventure,Xx-Woods,24
2013,Adventure,Nozomikat,24
2015,Adventure,sandwiches1,24
2015,Strategy,76561198089393905,24
2015,Casual,76561198126640317,24
2014,Action,nubquake123,24
2015,Simulation,76561198047630659,24
2014,Action,76561198088944293,23
2013,Racing,js41637,23
2023,Strategy,76561198065593074,23
2014,Casual,Rainbow-Dashie,23
2014,Action,76561198090715178,23
2015,Action,VVillis,23
2015,Early Access,DieMadchenschanderin,23
2014,Action,76561198077246154,23
2013,Simulation,relesprit,23
2013,Massively Multiplayer,js41637,23
2015,Simulation,Nozomikat,23
2015,Action,76561197994493402,23
2014,Sports,sad-commie,23
2014,RPG,Posiblydead,23
2015,Adventure,76561198141443390,23
2014,Adventure,76561198077246154,23
2023,Action,76561197994493402,23
2013,Casual,76561198028895010,23
2015,Indie,Lord_Exploit,23
2014,Free to Play,Xx-Woods,23
2023,RPG,EizanAratoFujimaki,23
2012,Massively Multiplayer,doctr,23
2015,Adventure,76561197994493402,23
2014,Early Access,kube134,23
2014,Indie,76561198089393905,23
2015,Simulation,kevinator23,23
2013,Action,OzfurAtlas,23
2015,Free to Play,DieMadchenschanderin,23
2023,Simulation,EizanAratoFujimaki,23
2015,Casual,killbunny38,23
2015,Action,66666669999999,22
2023,Action,evcentric,22
2014,RPG,xfluttersx,22
2014,Simulation,76561198054540475,22
2015,Indie,StelerForYou,22
2014,RPG,2d4nk4m3,22
2014,Indie,97396295,22
2023,Strategy,diego9031,22
2012,Action,DJKamBer,22
2015,Strategy,76561198047630659,22
2015,Casual,mimimomoma,22
2015,Indie,76561198089393905,22
2013,RPG,diego9031,22
2015,Strategy,therealmorty,22
2013,Adventure,UTNerd24,22
2015,RPG,Mastic,22
2014,Adventure,76561197994493402,22
2015,Free to Play,2768820078,22
2013,Adventure,yookobz,22
2023,Simulation,Myther43,22
2015,Adventure,VVillis,22
2015,RPG,Coldaniel,22
2015,Strategy,76561198126640317,22
2014,Casual,Coldaniel,22
2014,Free to Play,ii_voltage_ii,22
2023,Free to Play,76561198088944293,21
2011,Racing,76561197970982479,21
2014,Adventure,boydeer,21
2015,Indie,Rainbow-Dashie,21
2015,Strategy,Wilfire77,21
2014,Adventure,kevinator23,21
2015,Simulation,66666669999999,21
2014,Free to Play,maplemage,21
2013,Casual,relesprit,21
2014,Strategy,76561198077246154,21
2015,Indie,TeCool,21
2023,Free to Play,DieMadchenschanderin,21
2015,Adventure,Coldaniel,21
2014,Free to Play,js41637,21
2015,Adventure,yookobz,21
2014,Indie,nubquake123,21
2015,Strategy,Coldaniel,21
2012,RPG,Posiblydead,21
2023,Action,Nozomikat,21
2015,Casual,DJKamBer,21
2023,Action,76561198081962345,21
2014,Casual,76561198090715178,21
2014,Indie,76561198065593074,21
2015,Simulation,therealmorty,21
2015,Strategy,kevinator23,21
2023,Simulation,xfluttersx,21
2014,Action,DJKamBer,21
2015,Action,Xx-Woods,21
2015,Strategy,Nozomikat,21
2014,Casual,76561198054540475,21
2014,Action,WitchHunter4542,21
2014,Strategy,DemonicWolvz,21
2023,Casual,Myther43,21
2015,Simulation,DemonicWolvz,20
2015,Strategy,mimimomoma,20
2015,Strategy,DemonicWolvz,20
2015,Strategy,76561198044169764,20
2014,RPG,76561198056741844,20
2015,Strategy,GGargula,20
2015,Indie,WitchHunter4542,20
2015,Casual,VVillis,20
2014,Adventure,76561198070194565,20
2013,Adventure,Pyromanic,20
2013,Simulation,UTNerd24,20
2015,Free to Play,UTNerd24,20
2014,Adventure,DJKamBer,20
2013,Free to Play,js41637,20
2014,Adventure,WitchHunter4542,20
2013,Action,76561198028895010,20
2014,Action,76561198089393905,20
2014,Action,76561198065593074,20
2012,Simulation,Posiblydead,20
2015,RPG,DemonicWolvz,20
2023,Strategy,76561197994493402,20
2012,Simulation,76561198028895010,20
2015,RPG,ohnospaghet,20
2014,Simulation,76561198056741844,20
2014,Racing,AVATAR715,20
2023,Strategy,sad-commie,20
2012,Casual,76561198028895010,20
2013,Simulation,76561198028895010,20
2014,Simulation,2d4nk4m3,20
2013,Sports,DJKamBer,20
2012,Adventure,76561198028895010,20
2013,Strategy,OzfurAtlas,20
2014,Strategy,76561198089393905,19
2023,Indie,76561198073784601,19
2014,Action,TeCool,19
2015,Strategy,76561198102421718,19
2013,Massively Multiplayer,maplemage,19
2014,Action,Coldaniel,19
2023,Massively Multiplayer,76561198070194565,19
2023,Free to Play,jonasdbomb,19
2015,Strategy,Bluezap1,19
2014,Action,76561197994493402,19
2013,Sports,maplemage,19
2015,Adventure,TeCool,19
2015,Indie,sergarino,19
2013,Indie,StelerForYou,19
2023,Indie,getf0kinn0sc0pedm9,19
2015,Adventure,GGargula,19
2023,Indie,76561198050347115,19
2015,Adventure,killbunny38,19
2023,Strategy,2768820078,19
2014,RPG,ohnospaghet,19
2015,RPG,GGargula,19
2014,Strategy,76561198065593074,19
2015,Casual,Xx-Woods,19
2014,Simulation,DemonicWolvz,19
2014,Adventure,devvonst,19
2014,Adventure,death-hunter,19
2015,Simulation,76561198102421718,19
2015,Free to Play,Nozomikat,19
2014,RPG,wantmahbody,19
2012,Adventure,jarrodtrim,19
2023,Strategy,ohnospaghet,19
2023,Adventure,76561198048353577,19
2015,RPG,Nozomikat,19
2015,Action,Berserklejerker,18
2015,Action,Rivtex,18
2023,Indie,76561198081962345,18
2023,Sports,76561198070194565,18
2013,Indie,OzfurAtlas,18
2012,Strategy,DJKamBer,18
2013,Indie,Hirukaz,18
2015,Casual,76561197994493402,18
2015,Free to Play,iamthekingofbrowntown,18
2023,RPG,sad-commie,18
2013,Adventure,76561198028895010,18
2015,Adventure,Berserklejerker,18
2015,Adventure,CobRazor,18
2015,Strategy,76561198065656175,18
2013,Adventure,DemonicWolvz,18
2013,Simulation,OzfurAtlas,18
2023,Indie,76561198070565427,18
2014,Strategy,76561198043458582,18
2014,Casual,devvonst,18
2015,RPG,boydeer,18
2014,Action,KanadeTheNeko,18
2014,Strategy,Nozomikat,18
2014,Strategy,WitchHunter4542,18
2014,Strategy,YoHuNz,18
2014,RPG,76561198054540475,18
2015,Indie,getf0kinn0sc0pedm9,18
2014,Action,Rainbow-Dashie,18
2023,Casual,76561198085547365,18
2014,Massively Multiplayer,maplemage,18
2023,Adventure,76561197994493402,18
2023,Casual,iamthekingofbrowntown,17
2014,Adventure,76561198030567998,17
2015,Adventure,MarbleShrine,17
2023,Strategy,GGargula,17
2015,Simulation,killbunny38,17
2015,Adventure,evcentric,17
2014,Casual,KanadeTheNeko,17
2023,Adventure,evcentric,17
2015,Casual,Rivtex,17
2014,Casual,76561198077246154,17
2013,Action,Life-Of-Blu,17
2023,Casual,76561198077246154,17
2023,Casual,Xx-Woods,17
2015,Casual,76561198044169764,17
2023,Racing,76561198070194565,17
2014,Strategy,76561198056741844,17
2023,Action,76561198044169764,17
2012,Indie,kevinator23,17
2013,Action,Pyromanic,17
2012,RPG,76561198028895010,17
2015,Early Access,xfluttersx,17
2015,Indie,76561198060447950,17
2014,Action,devvonst,17
2015,Strategy,76561198070194565,17
2013,Sports,1337lolroflmao,17
2023,Action,iamthekingofbrowntown,17
2015,Action,76561198054540475,17
2023,Free to Play,diego9031,17
2015,Early Access,2768820078,17
2015,Simulation,Xx-Woods,17
2023,Indie,Nozomikat,17
2013,Strategy,Nozomikat,17
2015,Indie,76561198070565427,17
2023,Indie,YieuwMage,17
2015,Indie,Wilfire77,17
2015,Strategy,Berserklejerker,17
2013,Free to Play,1337lolroflmao,17
2014,Strategy,KanadeTheNeko,17
2015,Adventure,76561198044169764,17
2014,Casual,boydeer,17
2023,RPG,DieMadchenschanderin,17
2014,Adventure,wantmahbody,17
2023,Strategy,Myther43,17
2015,Casual,76561198065656175,17
2015,RPG,therealmorty,16
2014,Simulation,76561198043458582,16
2015,Casual,Lord_Exploit,16
2015,Casual,evcentric,16
2014,Strategy,76561198070565427,16
2015,Casual,76561198054540475,16
2015,RPG,76561198126640317,16
2015,Simulation,mimimomoma,16
2015,Indie,76561198095921854,16
2015,Indie,devvonst,16
2015,Action,washington_,16
2015,Strategy,76561197994493402,16
2015,Adventure,76561198054540475,16
2015,Indie,76561198066046412,16
2015,Indie,76561198044169764,16
2015,Adventure,StelerForYou,16
2014,Strategy,76561198070194565,16
2015,Massively Multiplayer,UTNerd24,16
2015,Simulation,Bluezap1,16
2015,Free to Play,xfluttersx,16
2014,Strategy,76561198054540475,16
2014,Sports,ii_voltage_ii,16
2015,RPG,76561198065593074,16
2015,Free to Play,AVATAR715,16
2015,Racing,ohnospaghet,16
2011,Action,2xDelorean,16
2023,Action,getf0kinn0sc0pedm9,16
2023,Simulation,76561198085547365,16
2013,RPG,76561198028895010,16
2023,Strategy,76561198077246154,16
2012,Early Access,Posiblydead,16
2013,Early Access,ii_voltage_ii,16
2023,Indie,76561198027947401,16
2013,Early Access,doctr,16
2013,Casual,DemonicWolvz,16
2014,Free to Play,sad-commie,16
2012,Casual,DJKamBer,16
2013,Action,DemonicWolvz,16
2014,Action,76561198030567998,16
2023,Strategy,evcentric,16
2023,Casual,76561198081962345,16
2013,Free to Play,doctr,16
2015,Free to Play,ii_voltage_ii,15
2015,Strategy,sandwiches1,15
2023,Massively Multiplayer,jonasdbomb,15
2014,Massively Multiplayer,evcentric,15
2015,Strategy,Xx-Woods,15
2015,Indie,66666669999999,15
2014,RPG,YoHuNz,15
2023,Simulation,GGargula,15
2015,Adventure,76561198051258119,15
2012,Strategy,Posiblydead,15
2023,Action,76561198048353577,15
2023,RPG,2768820078,15
2015,Adventure,washington_,15
2023,Action,76561198156664158,15
2023,Massively Multiplayer,diego9031,15
2023,Early Access,76561198088944293,15
2014,Adventure,Coldaniel,15
2015,RPG,76561198070194565,15
2014,Adventure,76561198061730629,15
2023,Casual,76561198156664158,15
2015,RPG,Magjiikal,15
2014,Simulation,wantmahbody,15
2014,Casual,76561197994493402,15
2015,Indie,tru_mu_,15
2015,Simulation,76561198065656175,15
2015,Indie,pwrt,15
2023,Early Access,ohnospaghet,15
2014,Casual,smashiroshh,15
2015,Action,76561198051258119,15
2014,Racing,js41637,15
2012,Strategy,76561198028895010,15
2015,Action,TeCool,15
2014,Massively Multiplayer,AVATAR715,15
2023,Casual,GGargula,15
2015,Casual,76561198089393905,15
2015,Casual,Berserklejerker,15
2014,Indie,76561198087407319,15
2023,Indie,76561198048353577,14
2023,Indie,76561198065593074,14
2015,Action,76561198095921854,14
2023,Indie,76561198109656922,14
2015,Sports,AVATAR715,14
2013,Indie,Life-Of-Blu,14
2023,Action,76561198085547365,14
2015,Indie,76561198067936203,14
2014,Racing,Mastic,14
2014,Free to Play,evcentric,14
2015,Simulation,DJKamBer,14
2014,RPG,76561198088944293,14
2015,Simulation,Lord_Exploit,14
2014,RPG,76561198077246154,14
2015,Casual,76561198141443390,14
2015,Strategy,death-hunter,14
2015,Adventure,Rivtex,14
2014,Early Access,YoHuNz,14
2023,Adventure,76561198085547365,14
2014,Casual,wantmahbody,14
2015,Indie,Life-Of-Blu,14
2015,RPG,76561198030567998,14
2014,Adventure,KanadeTheNeko,14
2014,Sports,ohnospaghet,14
2014,Adventure,76561198065593074,14
2014,Indie,PPanther,14
2015,Massively Multiplayer,2768820078,14
2014,Indie,A-Very-Sly-Person,14
2014,Action,76561198081962345,14
2014,Action,76561198043472122,14
2023,Casual,76561197994493402,14
2012,Action,kevinator23,14
2014,Casual,76561198043458582,14
2023,Early Access,diego9031,14
2014,Simulation,TeCool,14
2023,Free to Play,Mastic,14
2013,Casual,76561198048353577,14
2014,Indie,GoAwayZach,14
2015,Early Access,ii_voltage_ii,14
2015,Simulation,TeCool,14
2012,Strategy,jarrodtrim,14
2015,Early Access,therealmorty,14
2013,Adventure,Hirukaz,14
2014,Massively Multiplayer,ii_voltage_ii,14
2023,Simulation,evcentric,14
2015,Sports,2768820078,14
2015,Casual,76561198047630659,13
2014,Racing,ii_voltage_ii,13
2023,Simulation,iamthekingofbrowntown,13
2023,RPG,76561197994493402,13
2013,Free to Play,xfluttersx,13
2014,Simulation,WitchHunter4542,13
2015,Simulation,76561198070194565,13
2015,Casual,76561198066046412,13
2015,Simulation,76561198095921854,13
2013,Early Access,xfluttersx,13
2015,Action,76561198065656175,13
2015,Action,76561198048353577,13
2015,Early Access,kevinator23,13
2014,Massively Multiplayer,Posiblydead,13
2015,Action,sergarino,13
2015,Action,76561198141443390,13
2014,Adventure,76561198043472122,13
2013,Racing,1337lolroflmao,13
2014,Strategy,kevinator23,13
2012,Utilities,doctr,13
2015,Racing,diego9031,13
2015,Early Access,76561198043458582,13
2023,Strategy,Nozomikat,13
2015,RPG,Wilfire77,13
2014,Casual,76561198065593074,13
2015,Simulation,76561198030567998,13
2015,Simulation,76561197994493402,13
2015,Massively Multiplayer,DieMadchenschanderin,13
2015,Casual,boydeer,13
2015,Simulation,death-hunter,13
2023,Free to Play,washington_,13
2023,Simulation,76561198050347115,13
2015,Free to Play,76561198047630659,13
2015,Strategy,evcentric,13
2015,Early Access,Nozomikat,13
2015,Adventure,Life-Of-Blu,13
2015,Adventure,DJKamBer,13
2014,Simulation,76561198070194565,13
2013,Adventure,OzfurAtlas,13
2023,RPG,iamthekingofbrowntown,13
2015,Massively Multiplayer,iamthekingofbrowntown,13
2023,Simulation,Xx-Woods,13
2013,Early Access,diego9031,13
2015,Casual,washington_,13
2023,RPG,GGargula,13
2014,RPG,Nozomikat,13
2023,Casual,evcentric,13
2014,Simulation,76561197994493402,13
2014,Simulation,KanadeTheNeko,12
2014,Racing,sad-commie,12
2013,RPG,relesprit,12
2015,RPG,killbunny38,12
2015,Indie,CaptianAutismo,12
2014,Simulation,76561198077246154,12
2015,Casual,devvonst,12
2014,Casual,WitchHunter4542,12
2014,Strategy,wantmahbody,12
2015,RPG,Xx-Woods,12
2013,RPG,Nozomikat,12
2013,Action,76561198048353577,12
2015,RPG,sandwiches1,12
2023,Adventure,iamthekingofbrowntown,12
2015,Racing,76561198043458582,12
2023,Indie,Fr0stedLine,12
2023,Early Access,xfluttersx,12
2014,Simulation,Nozomikat,12
2023,Adventure,getf0kinn0sc0pedm9,12
2023,Free to Play,ohnospaghet,12
2013,Action,StelerForYou,12
2013,Racing,doctr,12
2015,Indie,CobRazor,12
2023,Strategy,76561198085547365,12
2015,Strategy,TeCool,12
2013,Action,OfficialShroomsy,12
2023,Simulation,2768820078,12
2023,Action,exiaez,12
2013,Adventure,76561198048353577,12
2014,Strategy,76561198090715178,12
2014,Strategy,76561198081962345,12
2015,Strategy,DJKamBer,12
2015,Design &amp; Illustration,diego9031,12
2014,RPG,WitchHunter4542,12
2014,RPG,UTNerd24,12
2014,Free to Play,1337lolroflmao,12
2014,Early Access,UTNerd24,12
2015,Simulation,CobRazor,12
2015,Indie,76561198058373434,12
2015,Strategy,yookobz,12
2023,Casual,YieuwMage,12
2014,Strategy,76561198030567998,12
2023,Casual,Nozomikat,12
2015,Sports,kevinator23,12
2013,Casual,Pyromanic,12
2014,Adventure,Rainbow-Dashie,12
2015,Casual,76561198048353577,12
2014,RPG,76561198043458582,12
2014,Strategy,DJKamBer,12
2015,Simulation,76561198126640317,12
2014,Strategy,death-hunter,12
2014,Early Access,76561198070194565,12
2015,Casual,66666669999999,12
2014,Simulation,smashiroshh,12
2015,Early Access,Coldaniel,12
2014,Casual,kevinator23,12
2014,Free to Play,Posiblydead,12
2014,Simulation,76561198093112529,12
2014,Strategy,Rainbow-Dashie,12
2015,Simulation,sergarino,12
2014,Simulation,boydeer,11
2015,Massively Multiplayer,xfluttersx,11
2023,Early Access,jonasdbomb,11
2013,Strategy,Pyromanic,11
2014,Simulation,DJKamBer,11
2013,Strategy,UTNerd24,11
2014,Casual,GoAwayZach,11
2011,Adventure,2xDelorean,11
2014,Strategy,TeCool,11
2014,Indie,76561198056290589,11
2014,Sports,UTNerd24,11
2015,RPG,VVillis,11
2015,RPG,MarbleShrine,11
2015,Massively Multiplayer,therealmorty,11
2023,Early Access,76561198056392326,11
2014,Casual,76561198088944293,11
2015,Simulation,yookobz,11
2014,Simulation,YoHuNz,11
2014,Simulation,devvonst,11
2023,Early Access,sad-commie,11
2015,Indie,possessioniskey,11
2014,Strategy,boydeer,11
2014,Action,76561198061730629,11
2015,Casual,sergarino,11
2013,Simulation,Nozomikat,11
2012,Sports,xfluttersx,11
2015,Adventure,76561198073784601,11
2014,Racing,Posiblydead,11
2023,Action,76561198073784601,11
2015,Adventure,76561198089393905,11
2023,RPG,76561198077246154,11
2015,Simulation,76561198066046412,11
2015,Sports,ii_voltage_ii,11
2015,Strategy,washington_,11
2015,Action,possessioniskey,11
2015,Racing,DieMadchenschanderin,11
2015,Web Publishing,diego9031,11
2013,RPG,OzfurAtlas,11
2015,Action,Rainbow-Dashie,11
2015,Early Access,76561198102421718,11
2015,Adventure,76561198048353577,11
2015,Action,WitchHunter4542,11
2015,Action,devvonst,11
2012,RPG,jarrodtrim,11
2013,Racing,DJKamBer,11
2015,Racing,AVATAR715,11
2012,Massively Multiplayer,thequeenpanda,11
2015,Indie,2xDelorean,11
2013,Strategy,2xDelorean,11
2014,Simulation,76561198088944293,11
2013,Sports,js41637,11
2013,Sports,ii_voltage_ii,11
2014,Simulation,76561198081962345,11
2023,Simulation,76561198065593074,11
2023,Sports,sad-commie,11
2015,Casual,76561198070565427,11
2012,Racing,xfluttersx,11
2015,Free to Play,MarbleShrine,11
2012,RPG,DJKamBer,11
2015,Adventure,Lord_Exploit,11
2023,Racing,DieMadchenschanderin,11
2015,Action,76561198070565427,11
2015,Action,76561198073784601,11
2013,Indie,76561198087586464,11
2014,Strategy,Coldaniel,10
2014,Action,pwrt,10
2023,RPG,76561198048353577,10
2023,RPG,Myther43,10
2015,Adventure,76561198065656175,10
2015,Massively Multiplayer,MarbleShrine,10
2015,Adventure,76561198066046412,10
2015,Casual,76561198065593074,10
2014,Action,GoAwayZach,10
2014,Adventure,76561198089393905,10
2015,Indie,76561198051258119,10
2013,Early Access,DJKamBer,10
2023,Simulation,76561198073784601,10
2013,Casual,Hirukaz,10
2014,Sports,kube134,10
2023,Sports,ohnospaghet,10
2014,Web Publishing,1337lolroflmao,10
2023,Massively Multiplayer,ohnospaghet,10
2011,Sports,76561197970982479,10
2013,Strategy,DemonicWolvz,10
2023,Strategy,76561198156664158,10
2023,Early Access,washington_,10
2013,Sports,doctr,10
2013,Action,Hirukaz,10
2015,Adventure,WitchHunter4542,10
2015,Action,76561198066046412,10
2015,Indie,A-Very-Sly-Person,10
2015,Action,CaptianAutismo,10
2012,Casual,kevinator23,10
2023,Early Access,EizanAratoFujimaki,10
2015,Action,CobRazor,10
2013,RPG,UTNerd24,10
2013,RPG,Pyromanic,10
2023,Strategy,Xx-Woods,10
2015,Action,Lord_Exploit,10
2014,Strategy,smashiroshh,10
2015,Casual,TeCool,10
2023,Design &amp; Illustration,washington_,10
2015,Indie,76561198073784601,10
2013,Massively Multiplayer,diego9031,10
2013,Free to Play,ii_voltage_ii,10
2015,Indie,SavageEeEe,10
2023,Sports,washington_,10
2014,Strategy,devvonst,10
2015,Action,pwrt,10
2015,Free to Play,ohnospaghet,10
2014,Sports,evcentric,10
2015,Design &amp; Illustration,killbunny38,10
2014,Simulation,de_Butl3r,10
2014,RPG,DJKamBer,10
2023,Adventure,76561198081962345,10
2014,Adventure,nubquake123,10
2015,RPG,76561198102421718,10
2014,Free to Play,xfluttersx,10
2015,RPG,evcentric,10
2014,RPG,76561198070194565,10
2015,Strategy,76561198095921854,10
2014,Casual,death-hunter,10
2015,RPG,TeCool,10
2014,RPG,76561198070565427,10
2014,Racing,doctr,10
2015,Simulation,MarbleShrine,10
2014,Racing,1337lolroflmao,10
2015,Strategy,76561198066046412,10
2014,Simulation,76561198090715178,10
2014,Free to Play,doctr,10
2014,Simulation,76561198089393905,10
2015,Strategy,VVillis,10
2015,Sports,xfluttersx,10
2023,Adventure,76561198156664158,10
2014,Simulation,Coldaniel,10
2014,RPG,smashiroshh,10
2015,Simulation,76561198141443390,10
2015,Simulation,2xDelorean,10
2014,RPG,76561197994493402,10
2014,Casual,76561198089393905,10
2015,Racing,killbunny38,10
2014,Simulation,PPanther,10
2014,Adventure,TeCool,10
2014,Indie,76561198138053270,10
2014,Casual,76561198087407319,10
2015,RPG,death-hunter,10
2014,Sports,Posiblydead,10
2023,Action,YieuwMage,10
2015,Strategy,76561198048353577,10
2015,RPG,76561198067936203,10
2014,Casual,76561198061730629,10
2014,Simulation,kevinator23,10
2014,Early Access,ohnospaghet,10
2015,Sports,76561198047630659,10
2013,Strategy,76561198048353577,9
2014,Simulation,76561198087407319,9
2015,Action,tru_mu_,9
2015,Simulation,76561198070565427,9
2015,Casual,A-Very-Sly-Person,9
2015,Free to Play,killbunny38,9
2013,Free to Play,DJKamBer,9
2023,RPG,76561198050347115,9
2014,RPG,devvonst,9
2013,Strategy,yookobz,9
2015,Casual,CaptianAutismo,9
2023,Racing,ohnospaghet,9
2015,Early Access,Magjiikal,9
2015,Action,2xDelorean,9
2015,Strategy,MarbleShrine,9
2023,Indie,MainScout,9
2015,Racing,Mastic,9
2015,Racing,MarbleShrine,9
2014,Free to Play,76561198061174192,9
2014,Free to Play,76561198070194565,9
2015,Free to Play,76561198044169764,9
2015,Strategy,Lord_Exploit,9
2015,Action,76561198089393905,9
2013,Massively Multiplayer,doctr,9
2015,Action,76561198084390807,9
2015,Casual,76561198060447950,9
2023,Indie,shark854,9
2015,Free to Play,DJKamBer,9
2013,Indie,OfficialShroomsy,9
2015,Racing,2768820078,9
2015,Free to Play,DemonicWolvz,9
2014,Massively Multiplayer,Xx-Woods,9
2015,Action,76561198060447950,9
2015,RPG,yookobz,9
2023,RPG,76561198085547365,9
2013,Simulation,Pyromanic,9
2023,Indie,76561198073210139,9
2013,Free to Play,diego9031,9
2023,Adventure,76561198070565427,9
2023,Indie,76561198044169764,9
2015,Sports,ohnospaghet,9
2015,RPG,washington_,9
2023,Early Access,Mastic,9
2015,Early Access,yookobz,9
2015,Early Access,AVATAR715,9
2014,Free to Play,UTNerd24,9
2014,Indie,76561198060039459,9
2014,Action,76561198084390807,9
2023,RPG,Nozomikat,9
2014,Adventure,76561198087407319,9
2014,Free to Play,YoHuNz,9
2014,Action,76561198138053270,9
2023,RPG,Xx-Woods,9
2023,Casual,OzfurAtlas,9
2015,Adventure,getf0kinn0sc0pedm9,9
2014,Sports,KanadeTheNeko,9
2015,RPG,DJKamBer,9
2015,RPG,Bluezap1,9
2014,Adventure,pwrt,9
2014,Free to Play,kube134,9
2014,Strategy,76561198061730629,9
2013,Design &amp; Illustration,1337lolroflmao,9
2015,Simulation,VVillis,9
2015,Casual,getf0kinn0sc0pedm9,9
2013,Casual,StelerForYou,9
2015,Strategy,WitchHunter4542,9
2015,Strategy,pwrt,9
2015,Strategy,76561198051258119,9
2014,Indie,76561198031207016,9
2014,Strategy,76561197994493402,9
2014,Early Access,xfluttersx,9
2014,Action,76561198031207016,9
2015,RPG,WitchHunter4542,9
2015,Indie,whodafuqisthisguilao,9
2011,Indie,2xDelorean,9
2015,Web Publishing,killbunny38,9
2014,Casual,76561198081962345,9
2015,Casual,tru_mu_,9
2015,Adventure,tru_mu_,9
2014,RPG,Coldaniel,9
2014,Casual,76561198043472122,9
2014,Free to Play,Mastic,9
2014,Early Access,doctr,9
2015,Adventure,sergarino,9
2023,RPG,76561198156664158,9
2023,Casual,76561198027947401,9
2023,Racing,washington_,9
2023,Racing,sad-commie,8
2015,Action,Life-Of-Blu,8
2015,Indie,76561198075277292,8
2014,Free to Play,76561198054540475,8
2013,Casual,Life-Of-Blu,8
2015,Simulation,Rivtex,8
2015,Action,StelerForYou,8
2014,RPG,76561198043472122,8
2013,RPG,DemonicWolvz,8
2015,Free to Play,76561198043458582,8
2015,Free to Play,76561198102421718,8
2015,Adventure,76561198058373434,8
2013,Casual,OzfurAtlas,8
2013,Indie,WeiEDKrSat,8
2014,Free to Play,2d4nk4m3,8
2013,Adventure,76561198087586464,8
2015,Free to Play,therealmorty,8
2015,Free to Play,kevinator23,8
2015,Adventure,66666669999999,8
2015,Simulation,Berserklejerker,8
2014,Early Access,76561198090715178,8
2014,RPG,DemonicWolvz,8
2014,Early Access,evcentric,8
2015,Simulation,evcentric,8
2015,RPG,66666669999999,8
2015,Action,whodafuqisthisguilao,8
2015,Free to Play,boydeer,8
2013,Early Access,Nozomikat,8
2023,Massively Multiplayer,DieMadchenschanderin,8
2013,Early Access,DieMadchenschanderin,8
2023,Action,76561198109656922,8
2023,Simulation,76561198081962345,8
2015,Simulation,Wilfire77,8
2023,Action,lucasrash,8
2015,Simulation,76561198054540475,8
2015,Action,getf0kinn0sc0pedm9,8
2014,Early Access,76561198056741844,8
2015,Adventure,CaptianAutismo,8
2014,Action,97396295,8
2015,Racing,ii_voltage_ii,8
2014,Sports,76561198054540475,8
2015,Early Access,Bluezap1,8
2014,Action,76561198056290589,8
2015,RPG,StelerForYou,8
2023,Sports,xfluttersx,8
2014,Simulation,pwrt,8
2013,Web Publishing,js41637,8
2023,Early Access,DieMadchenschanderin,8
2014,Simulation,death-hunter,8
2013,Web Publishing,1337lolroflmao,8
2023,Early Access,Myther43,8
2015,Racing,iamthekingofbrowntown,8
2014,Simulation,Rainbow-Dashie,8
2015,Casual,Life-Of-Blu,8
2014,Massively Multiplayer,2d4nk4m3,8
2023,Sports,Mastic,8
2023,Strategy,76561198070565427,8
2015,Strategy,76561198070565427,8
2013,Sports,diego9031,8
2014,Sports,76561198056741844,8
2014,Adventure,PPanther,8
2014,Adventure,A-Very-Sly-Person,8
2014,Adventure,97396295,8
2023,Casual,Fr0stedLine,8
2014,Indie,76561198075895633,8
2015,RPG,76561198073784601,8
2015,Massively Multiplayer,AVATAR715,8
2014,Strategy,76561198088944293,8
2014,Free to Play,ohnospaghet,8
2012,Design &amp; Illustration,doctr,8
2015,Massively Multiplayer,76561198043458582,8
2014,Action,PPanther,8
2014,Action,A-Very-Sly-Person,8
2015,Casual,Wilfire77,8
2014,Free to Play,devvonst,8
2015,RPG,mimimomoma,8
2015,Strategy,76561198141443390,8
2015,Sports,UTNerd24,8
2014,Simulation,76561198056290589,8
2014,Racing,evcentric,8
2023,Free to Play,evcentric,8
2014,Racing,kube134,8
2015,Indie,76561198102410011,8
2013,Simulation,76561198048353577,8
2015,Sports,Coldaniel,8
2015,Sports,76561198043458582,8
2015,Simulation,sandwiches1,8
2014,Free to Play,76561198077246154,8
2013,Racing,xfluttersx,8
2013,Racing,DieMadchenschanderin,8
2012,Simulation,DJKamBer,8
2015,Action,A-Very-Sly-Person,8
2023,Free to Play,sad-commie,8
2013,RPG,yookobz,8
2023,Adventure,76561198109656922,8
2015,Casual,2xDelorean,8
2015,Strategy,boydeer,7
2023,Simulation,76561198077246154,7
2014,Indie,L1J1N,7
2015,Casual,WitchHunter4542,7
2011,Free to Play,76561197970982479,7
2023,Simulation,76561198070565427,7
2015,Strategy,Rivtex,7
2014,Free to Play,kevinator23,7
2023,Simulation,76561198048353577,7
2014,Indie,76561198097762318,7
2014,Free to Play,76561198070565427,7
2015,Free to Play,76561198030567998,7
2012,Animation &amp; Modeling,doctr,7
2023,Simulation,76561198044169764,7
2011,Strategy,2xDelorean,7
2014,Massively Multiplayer,Nozomikat,7
2015,Casual,possessioniskey,7
2013,Adventure,StelerForYou,7
2015,Sports,therealmorty,7
2015,Free to Play,yookobz,7
2015,Free to Play,76561198126640317,7
2015,Early Access,EizanAratoFujimaki,7
2014,Massively Multiplayer,js41637,7
2015,Strategy,Life-Of-Blu,7
2023,Sports,Myther43,7
2012,RPG,kevinator23,7
2014,Massively Multiplayer,doctr,7
2014,Free to Play,DJKamBer,7
2015,Free to Play,mimimomoma,7
2014,Massively Multiplayer,kube134,7
2015,Free to Play,Mastic,7
2014,Massively Multiplayer,boydeer,7
2015,Early Access,VVillis,7
2023,Sports,DieMadchenschanderin,7
2014,Indie,pwrt,7
2015,Simulation,devvonst,7
2015,Sports,death-hunter,7
2014,Massively Multiplayer,sad-commie,7
2023,Sports,76561198056392326,7
2023,Strategy,76561198048353577,7
2015,Adventure,Wilfire77,7
2015,Simulation,boydeer,7
2015,Sports,Nozomikat,7
2014,Free to Play,76561198030567998,7
2023,Strategy,76561198073784601,7
2015,Free to Play,Coldaniel,7
2015,Sports,MarbleShrine,7
2013,Free to Play,Nozomikat,7
2023,Indie,76561198078738103,7
2015,Action,76561198097762318,7
2023,Casual,76561198073784601,7
2023,Indie,76561198078478151,7
2013,Simulation,Hirukaz,7
2013,Casual,2xDelorean,7
2014,Action,euzi,7
2023,Adventure,76561198027947401,7
2013,Simulation,2xDelorean,7
2014,Strategy,97396295,7
2015,Racing,76561198065593074,7
2015,RPG,76561198141443390,7
2013,RPG,2xDelorean,7
2023,Indie,76561198115868847,7
2023,Casual,getf0kinn0sc0pedm9,7
2023,Action,shark854,7
2014,Racing,UTNerd24,7
2014,Adventure,possessioniskey,7
2015,Indie,76561198079770573,7
2014,Adventure,76561198031207016,7
2013,RPG,StelerForYou,7
2015,Racing,xfluttersx,7
2023,Casual,76561198070565427,7
2014,Strategy,PPanther,7
2023,Casual,76561198065593074,7
2023,Adventure,76561198065593074,7
2023,Early Access,GGargula,7
2014,Casual,76561198075895633,7
2014,Strategy,nubquake123,7
2014,Casual,TeCool,7
2023,Design &amp; Illustration,getf0kinn0sc0pedm9,7
2023,Adventure,shark854,7
2014,Action,76561198060039459,7
2023,Free to Play,76561198156664158,7
2013,Strategy,Hirukaz,7
2014,Sports,1337lolroflmao,7
2015,RPG,getf0kinn0sc0pedm9,7
2023,Free to Play,GGargula,7
2023,Free to Play,OzfurAtlas,7
2015,RPG,Rainbow-Dashie,7
2023,Free to Play,Xx-Woods,7
2014,Action,76561198075895633,7
2014,Action,76561198087407319,7
2023,Free to Play,xfluttersx,7
2015,RPG,tru_mu_,7
2014,Early Access,1337lolroflmao,7
2015,Racing,therealmorty,7
2014,Racing,76561198061174192,7
2023,RPG,evcentric,7
2023,RPG,76561198081962345,7
2014,Early Access,Nozomikat,7
2014,RPG,boydeer,7
2014,RPG,TeCool,7
2015,Web Publishing,getf0kinn0sc0pedm9,7
2015,Adventure,76561198070565427,7
2015,RPG,76561198054540475,7
2014,RPG,76561198093112529,7
2015,Adventure,76561198095921854,7
2015,Strategy,sergarino,7
2015,Simulation,GGargula,7
2015,Simulation,76561198089393905,7
2015,RPG,76561198051258119,7
2013,Design &amp; Illustration,diego9031,7
2023,Racing,76561198065593074,7
2023,Racing,Myther43,7
2014,RPG,76561198061730629,7
2014,Sports,YoHuNz,7
2014,RPG,76561198061174192,7
2014,Adventure,GoAwayZach,7
2015,Adventure,SavageEeEe,7
2014,RPG,76561198030567998,7
2014,Early Access,2d4nk4m3,7
2014,Early Access,Mastic,7
2023,Action,76561198027947401,7
2015,Simulation,76561198067936203,7
2013,Massively Multiplayer,DieMadchenschanderin,7
2015,RPG,76561198089393905,7
2014,Racing,76561198056741844,7
2013,Massively Multiplayer,1337lolroflmao,7
2015,Simulation,76561198048353577,7
2014,Adventure,76561198081962345,7
2014,RPG,kevinator23,7
2023,Massively Multiplayer,76561198088944293,7
2015,RPG,76561198066046412,7
2015,Massively Multiplayer,kevinator23,7
2023,Action,76561198073210139,7
2023,Action,76561198070565427,7
2023,Casual,76561198048353577,6
2015,Massively Multiplayer,76561198070194565,6
2015,RPG,76561198065656175,6
2015,Strategy,76561198058373434,6
2015,Massively Multiplayer,76561198047630659,6
2015,Early Access,76561198030567998,6
2015,Massively Multiplayer,DemonicWolvz,6
2015,RPG,76561198079770573,6
2015,RPG,Berserklejerker,6
2015,RPG,76561198044169764,6
2023,Adventure,YieuwMage,6
2015,Massively Multiplayer,ohnospaghet,6
2023,Early Access,Xx-Woods,6
2023,Racing,jonasdbomb,6
2023,Free to Play,2768820078,6
2015,Racing,76561198070194565,6
2023,Indie,76561198170198366,6
2015,Racing,UTNerd24,6
2015,Racing,death-hunter,6
2023,Simulation,Nozomikat,6
2023,Simulation,Fr0stedLine,6
2023,Action,MainScout,6
2015,Simulation,76561198051258119,6
2015,Free to Play,EizanAratoFujimaki,6
2015,Simulation,getf0kinn0sc0pedm9,6
2023,Massively Multiplayer,Mastic,6
2023,Simulation,76561198156664158,6
2015,Indie,76561198061252210,6
2023,Racing,76561198056392326,6
2023,Racing,76561198088944293,6
2023,Racing,OzfurAtlas,6
2023,Racing,diego9031,6
2023,Simulation,76561197994493402,6
2015,Simulation,washington_,6
2023,Indie,76561198097333029,6
2015,Strategy,CobRazor,6
2023,Indie,76561198094224872,6
2023,Free to Play,76561198048353577,6
2015,Early Access,DemonicWolvz,6
2023,Sports,jonasdbomb,6
2023,Sports,diego9031,6
2023,Sports,Xx-Woods,6
2023,Free to Play,EizanAratoFujimaki,6
2023,Adventure,MainScout,6
2023,Sports,EizanAratoFujimaki,6
2023,Adventure,76561198073210139,6
2015,Sports,sandwiches1,6
2015,Early Access,boydeer,6
2023,Adventure,76561198044169764,6
2015,Early Access,iamthekingofbrowntown,6
2015,Sports,iamthekingofbrowntown,6
2015,Early Access,mimimomoma,6
2015,Racing,76561198048353577,6
2015,Early Access,ohnospaghet,6
2015,RPG,76561197994493402,6
2023,Web Publishing,washington_,6
2013,Massively Multiplayer,xfluttersx,6
2013,Web Publishing,diego9031,6
2012,Early Access,jarrodtrim,6
2013,Simulation,yookobz,6
2014,Free to Play,76561198043458582,6
2014,Design &amp; Illustration,smashiroshh,6
2014,RPG,pwrt,6
2014,Design &amp; Illustration,ii_voltage_ii,6
2014,RPG,death-hunter,6
2014,Design &amp; Illustration,YoHuNz,6
2014,RPG,Rainbow-Dashie,6
2014,RPG,KanadeTheNeko,6
2014,RPG,GoAwayZach,6
2012,Adventure,kevinator23,6
2014,RPG,97396295,6
2014,RPG,76561198065593074,6
2015,Casual,76561198073784601,6
2013,Sports,DieMadchenschanderin,6
2014,Massively Multiplayer,xfluttersx,6
2015,Casual,76561198095921854,6
2014,Massively Multiplayer,devvonst,6
2013,Strategy,WeiEDKrSat,6
2013,Early Access,UTNerd24,6
2012,Early Access,thequeenpanda,6
2012,Free to Play,76561198028895010,6
2012,Free to Play,jarrodtrim,6
2014,Simulation,76561198138053270,6
2013,RPG,76561198048353577,6
2012,Sports,76561198028895010,6
2012,Sports,DJKamBer,6
2014,Sports,Mastic,6
2014,Early Access,Rainbow-Dashie,6
2014,Sports,76561198070565427,6
2012,Simulation,jarrodtrim,6
2014,Action,possessioniskey,6
2014,Web Publishing,YoHuNz,6
2015,Action,76561198058373434,6
2014,Early Access,wantmahbody,6
2014,Simulation,76561198065593074,6
2014,Simulation,76561198043472122,6
2014,Simulation,76561198030567998,6
2015,Adventure,2xDelorean,6
2013,Adventure,2xDelorean,6
2013,Racing,yookobz,6
2015,Adventure,A-Very-Sly-Person,6
2015,Adventure,Rainbow-Dashie,6
2013,Animation &amp; Modeling,js41637,6
2015,Casual,StelerForYou,6
2014,Free to Play,76561197994493402,6
2013,RPG,Hirukaz,6
2014,Massively Multiplayer,76561198056741844,6
2014,Casual,L1J1N,6
2014,Casual,PPanther,6
2014,Casual,76561198138053270,6
2015,Casual,whodafuqisthisguilao,6
2014,Indie,76561198084390807,6
2015,Casual,pwrt,6
2015,Action,whiteofwolfing,5
2013,Free to Play,76561198028895010,5
2023,Design &amp; Illustration,diego9031,5
2013,Adventure,OfficialShroomsy,5
2015,Adventure,76561198060447950,5
2014,Casual,A-Very-Sly-Person,5
2014,Early Access,boydeer,5
2014,Racing,ohnospaghet,5
2015,Adventure,76561198102410011,5
2015,Racing,1337lolroflmao,5
2023,Design &amp; Illustration,OzfurAtlas,5
2015,RPG,whodafuqisthisguilao,5
2012,Massively Multiplayer,jarrodtrim,5
2014,Casual,97396295,5
2012,Massively Multiplayer,xfluttersx,5
2013,Racing,relesprit,5
2015,Sports,killbunny38,5
2023,Massively Multiplayer,76561198044169764,5
2015,Racing,76561198073784601,5
2015,Racing,76561198095921854,5
2013,Animation &amp; Modeling,1337lolroflmao,5
2015,Design &amp; Illustration,1337lolroflmao,5
2023,RPG,76561198065593074,5
2014,Racing,DemonicWolvz,5
2023,Action,Fr0stedLine,5
2015,Strategy,devvonst,5
2023,Casual,MainScout,5
2015,Free to Play,devvonst,5
2015,Strategy,getf0kinn0sc0pedm9,5
2015,Free to Play,evcentric,5
2015,Racing,TeCool,5
2012,Free to Play,Posiblydead,5
2015,Adventure,devvonst,5
2023,Massively Multiplayer,76561198077246154,5
2015,Sports,76561198066046412,5
2023,Action,76561198170198366,5
2015,Free to Play,sandwiches1,5
2013,Animation &amp; Modeling,maplemage,5
2023,Strategy,76561198027947401,5
2014,Early Access,76561198061730629,5
2012,Free to Play,kevinator23,5
2023,Action,76561198097333029,5
2015,Action,76561198061252210,5
2015,Design &amp; Illustration,DemonicWolvz,5
2015,Free to Play,Magjiikal,5
2023,Simulation,shark854,5
2014,Action,L1J1N,5
2015,Indie,whiteofwolfing,5
2023,Indie,exiaez,5
2015,RPG,76561198058373434,5
2015,Massively Multiplayer,1337lolroflmao,5
2014,Sports,TeCool,5
2014,Sports,doctr,5
2014,Sports,js41637,5
2023,Free to Play,76561197994493402,5
2013,Massively Multiplayer,ii_voltage_ii,5
2013,Massively Multiplayer,yookobz,5
2014,Web Publishing,smashiroshh,5
2014,Sports,xfluttersx,5
2023,Indie,TheDropix101,5
2015,Massively Multiplayer,killbunny38,5
2015,Massively Multiplayer,ii_voltage_ii,5
2014,Strategy,76561198043472122,5
2015,Massively Multiplayer,evcentric,5
2015,Strategy,2xDelorean,5
2014,Strategy,76561198060039459,5
2013,RPG,OfficialShroomsy,5
2015,Massively Multiplayer,Coldaniel,5
2012,Simulation,kevinator23,5
2023,Sports,76561198070565427,5
2014,Sports,DemonicWolvz,5
2014,Early Access,WitchHunter4542,5
2013,Racing,ii_voltage_ii,5
2013,Sports,xfluttersx,5
2013,Racing,diego9031,5
2014,Early Access,Coldaniel,5
2015,Strategy,76561198054540475,5
2014,Simulation,nubquake123,5
2014,Action,thisissohardtomakeoneup,5
2014,Web Publishing,76561198138053270,5
2014,Early Access,KanadeTheNeko,5
2014,Sports,2d4nk4m3,5
2014,Sports,76561197994493402,5
2013,Massively Multiplayer,DJKamBer,5
2013,Sports,relesprit,5
2023,Web Publishing,OzfurAtlas,5
2012,Web Publishing,doctr,5
2012,Racing,thequeenpanda,5
2023,Web Publishing,diego9031,5
2015,RPG,CobRazor,5
2013,Racing,OfficialShroomsy,5
2023,Indie,lucasrash,5
2014,Sports,76561198090715178,5
2015,Racing,kevinator23,5
2015,Racing,Nozomikat,5
2013,Casual,76561198087586464,5
2014,Design &amp; Illustration,maplemage,5
2023,Casual,97396295,5
2023,Strategy,Fr0stedLine,5
2023,Free to Play,76561198056392326,5
2015,Early Access,GGargula,5
2014,Free to Play,Coldaniel,5
2013,Early Access,1337lolroflmao,5
2014,Massively Multiplayer,UTNerd24,5
2023,Early Access,76561197994493402,5
2014,Free to Play,WitchHunter4542,5
2015,Early Access,76561198047630659,5
2023,Early Access,76561198156664158,5
2023,Adventure,76561198078738103,5
2023,Strategy,YieuwMage,5
2014,Massively Multiplayer,ohnospaghet,5
2015,Sports,76561198095921854,5
2023,Strategy,getf0kinn0sc0pedm9,5
2014,Free to Play,KanadeTheNeko,5
2023,Strategy,iamthekingofbrowntown,5
2011,Massively Multiplayer,76561197970982479,5
2023,Casual,76561198073210139,5
2015,Early Access,death-hunter,5
2023,RPG,76561198078738103,5
2023,Adventure,76561198050347115,5
2015,Casual,76561198058373434,5
2014,Design &amp; Illustration,AVATAR715,5
2015,Strategy,76561198073784601,5
2014,Design &amp; Illustration,76561198138053270,5
2014,RPG,76561198031207016,5
2023,Utilities,washington_,5
2013,Early Access,76561198028895010,5
2015,Casual,76561198067936203,5
2023,RPG,76561198073210139,5
2023,Racing,Xx-Woods,5
2014,Racing,76561198070194565,5
2015,Strategy,ReMiXOfficalSteam,5
2013,Early Access,StelerForYou,5
2015,Free to Play,76561198066046412,5
2013,Utilities,maplemage,5
2023,Free to Play,76561198070565427,5
2015,Strategy,76561198079770573,5
2014,Racing,76561198030567998,5
2023,Strategy,76561198081962345,5
2015,Free to Play,Bluezap1,5
2023,RPG,YieuwMage,5
2014,Racing,76561198070565427,5
2014,Massively Multiplayer,76561198077246154,5
2014,RPG,thisissohardtomakeoneup,5
2015,Early Access,Berserklejerker,5
2015,Racing,yookobz,5
2015,Strategy,StelerForYou,5
2015,Casual,SavageEeEe,5
2015,Early Access,76561198126640317,5
2014,Design &amp; Illustration,1337lolroflmao,5
2015,Early Access,76561198070565427,5
2015,Simulation,76561198073784601,5
2013,Early Access,js41637,5
2023,Casual,76561198109656922,4
2023,Casual,76561198044169764,4
2012,Software Training,doctr,4
2023,Massively Multiplayer,xfluttersx,4
2015,Utilities,DieMadchenschanderin,4
2015,Massively Multiplayer,Xx-Woods,4
2023,Casual,76561198115868847,4
2014,Sports,76561198065593074,4
2023,Simulation,MainScout,4
2023,Racing,76561197994493402,4
2023,Racing,76561198044169764,4
2015,Sports,76561198044169764,4
2015,Utilities,death-hunter,4
2014,Free to Play,DemonicWolvz,4
2015,RPG,CaptianAutismo,4
2015,Strategy,76561198183396245,4
2014,Massively Multiplayer,DemonicWolvz,4
2015,Simulation,possessioniskey,4
2023,Massively Multiplayer,sad-commie,4
2023,Simulation,exiaez,4
2014,Sports,death-hunter,4
2023,Casual,76561198094224872,4
2014,Sports,Nozomikat,4
2014,Massively Multiplayer,YoHuNz,4
2014,Massively Multiplayer,76561198043458582,4
2023,RPG,76561198115868847,4
2015,RPG,76561198070565427,4
2013,Design &amp; Illustration,relesprit,4
2014,Strategy,76561198031207016,4
2023,RPG,shark854,4
2014,Sports,76561198138053270,4
2015,Utilities,VVillis,4
2023,RPG,lucasrash,4
2014,Free to Play,76561198090715178,4
2015,RPG,Rivtex,4
2014,Software Training,maplemage,4
2023,Simulation,76561198078738103,4
2014,Free to Play,76561198056741844,4
2015,Sports,Magjiikal,4
2015,Simulation,76561198084390807,4
2013,Education,maplemage,4
2023,Casual,TheDropix101,4
2015,Simulation,76561198075277292,4
2014,Early Access,smashiroshh,4
2015,Racing,DJKamBer,4
2023,Racing,EizanAratoFujimaki,4
2014,Massively Multiplayer,76561198070194565,4
2015,Sports,Mastic,4
2015,Racing,Magjiikal,4
2015,Strategy,Rainbow-Dashie,4
2013,Free to Play,OzfurAtlas,4
2023,Racing,xfluttersx,4
2023,RPG,76561198070565427,4
2014,Racing,76561198077246154,4
2023,Massively Multiplayer,76561198081962345,4
2014,Racing,76561198081962345,4
2023,Animation &amp; Modeling,washington_,4
2014,Racing,DJKamBer,4
2014,Adventure,L1J1N,4
2014,Strategy,76561198075895633,4
2023,Racing,evcentric,4
2014,Free to Play,76561198065593074,4
2015,Strategy,tru_mu_,4
2013,Adventure,Life-Of-Blu,4
2014,Free to Play,76561198088944293,4
2023,Racing,76561198048353577,4
2023,Simulation,97396295,4
2023,Casual,exiaez,4
2013,Strategy,OfficialShroomsy,4
2015,RPG,devvonst,4
2015,Simulation,Mossy_Gaming,4
2013,Action,WeiEDKrSat,4
2013,Strategy,Life-Of-Blu,4
2014,Simulation,97396295,4
2014,Free to Play,76561198089393905,4
2015,Simulation,Life-Of-Blu,4
2014,Simulation,76561198061730629,4
2015,Strategy,76561198060447950,4
2015,RPG,possessioniskey,4
2023,Massively Multiplayer,76561198050347115,4
2013,Design &amp; Illustration,doctr,4
2023,Casual,76561198170198366,4
2014,RPG,76561198138053270,4
2015,Utilities,1337lolroflmao,4
2023,RPG,76561198078478151,4
2015,Simulation,A-Very-Sly-Person,4
2015,Sports,EizanAratoFujimaki,4
2014,Adventure,76561198060039459,4
2014,Free to Play,76561198081962345,4
2015,Sports,76561198070194565,4
2013,Utilities,1337lolroflmao,4
2015,Casual,76561198051258119,4
2023,Free to Play,YieuwMage,4
2015,Action,76561198183396245,4
2014,Early Access,76561198081962345,4
2023,Strategy,MeaTCompany,4
2015,Early Access,1337lolroflmao,4
2014,Early Access,76561198087407319,4
2015,Action,76561198075277292,4
2015,Indie,76561198183396245,4
2012,Racing,76561198028895010,4
2014,Early Access,97396295,4
2015,Indie,Derp-e,4
2014,Design &amp; Illustration,Xx-Woods,4
2015,Education,VVillis,4
2013,Web Publishing,ii_voltage_ii,4
2014,Early Access,DemonicWolvz,4
2012,Racing,DJKamBer,4
2011,RPG,2xDelorean,4
2013,Sports,2xDelorean,4
2015,Design &amp; Illustration,DieMadchenschanderin,4
2012,Racing,Posiblydead,4
2014,Casual,76561198031207016,4
2023,Early Access,Nozomikat,4
2023,Sports,GGargula,4
2023,Sports,Fr0stedLine,4
2014,Utilities,js41637,4
2023,Adventure,97396295,4
2015,Early Access,getf0kinn0sc0pedm9,4
2023,Adventure,76561198073784601,4
2015,Design &amp; Illustration,VVillis,4
2012,Massively Multiplayer,Posiblydead,4
2013,Racing,Nozomikat,4
2014,Design &amp; Illustration,js41637,4
2014,Early Access,76561198043472122,4
2014,Casual,euzi,4
2014,Early Access,76561198054540475,4
2015,Free to Play,death-hunter,4
2013,Simulation,OfficialShroomsy,4
2015,Free to Play,getf0kinn0sc0pedm9,4
2023,Strategy,76561198050347115,4
2014,Casual,nubquake123,4
2014,Casual,76561198056290589,4
2013,Simulation,DemonicWolvz,4
2023,Action,76561198115868847,4
2015,Animation &amp; Modeling,VVillis,4
2013,Simulation,WeiEDKrSat,4
2023,Strategy,76561198115868847,4
2012,Early Access,76561198028895010,4
2015,Adventure,Mossy_Gaming,4
2023,Free to Play,exiaez,4
2023,Adventure,Fr0stedLine,4
2015,Adventure,76561198183396245,4
2015,Adventure,76561198097762318,4
2013,Web Publishing,relesprit,4
2015,Adventure,76561198075277292,4
2014,Design &amp; Illustration,sad-commie,4
2014,Design &amp; Illustration,ohnospaghet,4
2015,Adventure,76561198067936203,4
2023,Action,76561198078738103,4
2015,Free to Play,76561198070194565,4
2014,Utilities,AVATAR715,4
2013,Simulation,StelerForYou,4
2015,Early Access,CaptianAutismo,4
2015,Web Publishing,VVillis,4
2015,Casual,Rainbow-Dashie,4
2015,Design &amp; Illustration,76561198065593074,4
2015,Massively Multiplayer,76561198066046412,4
2014,Strategy,76561198097762318,4
2014,Strategy,A-Very-Sly-Person,4
2023,Sports,76561198048353577,4
2013,Sports,OfficialShroomsy,4
2023,Adventure,76561198094224872,4
2014,Utilities,1337lolroflmao,4
2014,Strategy,76561198087407319,4
2023,Adventure,76561198115868847,4
2013,Sports,OzfurAtlas,4
2015,Early Access,76561198070194565,4
2013,Sports,Nozomikat,4
2013,Sports,Life-Of-Blu,4
2023,Adventure,76561198170198366,4
2015,Early Access,MarbleShrine,4
2014,Early Access,76561198030567998,3
2015,Simulation,76561198058373434,3
2015,Sports,76561198030567998,3
2015,Simulation,76561198060447950,3
2015,Early Access,A-Very-Sly-Person,3
2015,Massively Multiplayer,EizanAratoFujimaki,3
2023,Free to Play,76561198050347115,3
2015,Strategy,76561198084390807,3
2013,Early Access,yookobz,3
2014,Racing,2d4nk4m3,3
2014,Design &amp; Illustration,wantmahbody,3
2023,Free to Play,76561198077246154,3
2023,RPG,76561198097333029,3
2015,Animation &amp; Modeling,DieMadchenschanderin,3
2015,Free to Play,76561198073784601,3
2023,Massively Multiplayer,YieuwMage,3
2015,Free to Play,76561198065593074,3
2013,Early Access,Pyromanic,3
2023,RPG,Fr0stedLine,3
2023,Strategy,76561198170198366,3
2015,Early Access,76561198141443390,3
2023,Strategy,76561198094224872,3
2013,Early Access,relesprit,3
2015,Sports,76561198065593074,3
2015,Free to Play,Lord_Exploit,3
2023,Strategy,76561198078738103,3
2023,RPG,97396295,3
2023,Massively Multiplayer,evcentric,3
2015,Sports,76561198102421718,3
2015,Sports,76561198051258119,3
2014,Early Access,76561197994493402,3
2023,Utilities,DieMadchenschanderin,3
2023,Strategy,76561198109656922,3
2014,Free to Play,Rainbow-Dashie,3
2012,Design &amp; Illustration,Posiblydead,3
2013,Casual,OfficialShroomsy,3
2015,Strategy,76561198067936203,3
2013,Free to Play,UTNerd24,3
2023,Design &amp; Illustration,jonasdbomb,3
2014,Racing,76561198054540475,3
2023,Racing,76561198085547365,3
2023,Free to Play,iamthekingofbrowntown,3
2013,Early Access,Life-Of-Blu,3
2015,Early Access,Lord_Exploit,3
2014,RPG,76561198087407319,3
2015,Simulation,pwrt,3
2015,Casual,76561198183396245,3
2015,Free to Play,Rainbow-Dashie,3
2015,Strategy,A-Very-Sly-Person,3
2014,Casual,pwrt,3
2013,Sports,76561198028895010,3
2023,Early Access,iamthekingofbrowntown,3
2015,Early Access,sandwiches1,3
2023,Strategy,shark854,3
2014,Massively Multiplayer,TeCool,3
2014,Massively Multiplayer,KanadeTheNeko,3
2015,Sports,DemonicWolvz,3
2015,Casual,76561198061252210,3
2015,Sports,DJKamBer,3
2015,Casual,76561198075277292,3
2015,Strategy,CaptianAutismo,3
2015,Casual,76561198079770573,3
2015,Simulation,WitchHunter4542,3
2015,Casual,76561198097762318,3
2023,Early Access,76561198077246154,3
2015,Sports,Bluezap1,3
2013,Early Access,2xDelorean,3
2015,Early Access,76561197994493402,3
2015,Free to Play,76561198048353577,3
2014,Free to Play,Nozomikat,3
2023,Racing,76561198077246154,3
2015,Early Access,TeCool,3
2014,Animation &amp; Modeling,AVATAR715,3
2023,Racing,76561198073784601,3
2023,Utilities,76561198088944293,3
2013,Software Training,js41637,3
2015,Casual,Mossy_Gaming,3
2013,Early Access,76561198048353577,3
2015,Early Access,DJKamBer,3
2015,Free to Play,2xDelorean,3
2023,Massively Multiplayer,exiaez,3
2011,Simulation,2xDelorean,3
2023,RPG,76561198073784601,3
2023,Early Access,76561198048353577,3
2014,RPG,PPanther,3
2014,RPG,L1J1N,3
2015,Free to Play,1337lolroflmao,3
2015,Simulation,whodafuqisthisguilao,3
2015,Casual,Derp-e,3
2023,Adventure,76561198097333029,3
2015,Simulation,tru_mu_,3
2014,RPG,76561198090715178,3
2014,Massively Multiplayer,76561197994493402,3
2014,Racing,YoHuNz,3
2015,Animation &amp; Modeling,DemonicWolvz,3
2023,Indie,76561198188979775,3
2014,Sports,WitchHunter4542,3
2015,RPG,76561198048353577,3
2014,Strategy,GoAwayZach,3
2012,Strategy,kevinator23,3
2014,Strategy,L1J1N,3
2015,RPG,76561198060447950,3
2023,Sports,76561198050347115,3
2023,Design &amp; Illustration,76561198070194565,3
2014,Strategy,pwrt,3
2014,Sports,GoAwayZach,3
2023,Web Publishing,jonasdbomb,3
2015,Utilities,diego9031,3
2014,Sports,DJKamBer,3
2014,Indie,76561198093112529,3
2023,Free to Play,76561198027947401,3
2014,Sports,Coldaniel,3
2013,Massively Multiplayer,UTNerd24,3
2015,RPG,76561198102410011,3
2023,Adventure,exiaez,3
2014,Utilities,DemonicWolvz,3
2012,Video Production,doctr,3
2014,Sports,76561198088944293,3
2023,Sports,76561198085547365,3
2015,Web Publishing,ii_voltage_ii,3
2023,Sports,76561198088944293,3
2015,Design &amp; Illustration,AVATAR715,3
2023,Simulation,MeaTCompany,3
2023,Sports,76561198156664158,3
2014,Free to Play,wantmahbody,3
2014,Sports,boydeer,3
2015,Web Publishing,DieMadchenschanderin,3
2014,Racing,KanadeTheNeko,3
2014,Sports,kevinator23,3
2015,Massively Multiplayer,GGargula,3
2015,Web Publishing,76561198043458582,3
2015,Massively Multiplayer,Magjiikal,3
2014,Strategy,76561198084390807,3
2023,Indie,MeaTCompany,3
2015,Massively Multiplayer,Nozomikat,3
2013,RPG,Life-Of-Blu,3
2014,Action,76561198093112529,3
2023,Indie,Leaf_Light_Moscow,3
2015,Web Publishing,1337lolroflmao,3
2015,Massively Multiplayer,76561198126640317,3
2015,Massively Multiplayer,76561198102421718,3
2015,Massively Multiplayer,death-hunter,3
2014,Strategy,76561198056290589,3
2014,Casual,76561198093112529,3
2015,Massively Multiplayer,76561198089393905,3
2015,Massively Multiplayer,76561198073784601,3
2013,Racing,76561198028895010,3
2013,Racing,76561198048353577,3
2023,Design &amp; Illustration,76561198056392326,3
2023,Indie,97396295,3
2014,Indie,possessioniskey,3
2013,Free to Play,Hirukaz,3
2015,Massively Multiplayer,76561198048353577,3
2014,Strategy,76561198138053270,3
2023,Simulation,lucasrash,3
2015,Massively Multiplayer,76561198044169764,3
2014,Action,76561198097762318,3
2023,Simulation,getf0kinn0sc0pedm9,3
2015,RPG,Lord_Exploit,3
2015,Utilities,DemonicWolvz,3
2023,Action,76561198078478151,3
2015,Racing,Bluezap1,3
2013,Free to Play,2xDelorean,3
2013,Sports,yookobz,3
2015,Adventure,76561198079770573,3
2014,Early Access,js41637,3
2015,Design &amp; Illustration,death-hunter,3
2013,Adventure,WeiEDKrSat,3
2023,Simulation,76561198073210139,3
2014,Adventure,76561198075895633,3
2015,Adventure,Derp-e,3
2015,Racing,76561198102421718,3
2014,Free to Play,pwrt,3
2023,Web Publishing,76561198056392326,3
2013,Simulation,76561198087586464,3
2015,Racing,CobRazor,3
2014,Sports,76561198043458582,3
2015,Racing,Coldaniel,3
2015,Adventure,possessioniskey,3
2015,Racing,DemonicWolvz,3
2023,RPG,76561198109656922,3
2015,Sports,Wilfire77,3
2015,Free to Play,washington_,3
2014,Racing,TeCool,3
2014,Education,1337lolroflmao,3
2013,Simulation,Life-Of-Blu,3
2023,Massively Multiplayer,iamthekingofbrowntown,3
2014,Adventure,76561198138053270,3
2013,Education,js41637,3
2015,Free to Play,Xx-Woods,3
2014,Early Access,death-hunter,3
2023,Early Access,76561198094224872,3
2015,Action,ReMiXOfficalSteam,3
2023,Massively Multiplayer,2768820078,3
2023,Sports,OzfurAtlas,3
2014,Free to Play,smashiroshh,3
2015,Indie,ReMiXOfficalSteam,3
2015,Sports,mimimomoma,3
2015,Indie,Mossy_Gaming,3
2014,Casual,76561198097762318,3
2014,Simulation,thisissohardtomakeoneup,3
2013,Free to Play,76561198048353577,3
2014,Simulation,euzi,3
2023,RPG,76561198027947401,3
2014,Web Publishing,Xx-Woods,3
2014,Web Publishing,wantmahbody,3
2014,Early Access,76561198089393905,3
2014,Simulation,76561198084390807,3
2014,Racing,smashiroshh,3
2015,Racing,76561197994493402,3
2015,Strategy,whodafuqisthisguilao,3
2014,Adventure,76561198056290589,3
2015,Action,Derp-e,3
2015,Indie,76561198084390807,3
2023,Massively Multiplayer,76561198056392326,3
2023,Simulation,76561198115868847,3
2015,RPG,sergarino,3
2015,Indie,76561198097762318,3
2015,Action,76561198067936203,3
2023,Adventure,TheDropix101,2
2014,Indie,76561198076909484,2
2023,Massively Multiplayer,getf0kinn0sc0pedm9,2
2014,Casual,possessioniskey,2
2015,Strategy,76561198061252210,2
2014,Casual,thisissohardtomakeoneup,2
2015,Web Publishing,76561198044169764,2
2014,Free to Play,TeCool,2
2013,Massively Multiplayer,76561198028895010,2
2014,Early Access,kevinator23,2
2014,Early Access,76561198077246154,2
2015,Strategy,whiteofwolfing,2
2013,Free to Play,relesprit,2
2015,Utilities,76561198102421718,2
2014,Early Access,DJKamBer,2
2013,Massively Multiplayer,2xDelorean,2
2014,Early Access,GoAwayZach,2
2015,Utilities,AVATAR715,2
2014,Early Access,PPanther,2
2013,Racing,OzfurAtlas,2
2013,Free to Play,Pyromanic,2
2015,Web Publishing,ohnospaghet,2
2013,Massively Multiplayer,Hirukaz,2
2013,Massively Multiplayer,Nozomikat,2
2023,Free to Play,Myther43,2
2014,Early Access,TeCool,2
2015,Web Publishing,Magjiikal,2
2013,Massively Multiplayer,relesprit,2
2013,Racing,Life-Of-Blu,2
2013,Racing,2xDelorean,2
2023,Animation &amp; Modeling,76561198088944293,2
2014,Early Access,nubquake123,2
2015,Strategy,possessioniskey,2
2023,Massively Multiplayer,76561198073210139,2
2023,Action,76561198094224872,2
2023,Massively Multiplayer,OzfurAtlas,2
2014,Design &amp; Illustration,76561198043458582,2
2023,Adventure,76561198078478151,2
2013,Sports,Hirukaz,2
2014,Design &amp; Illustration,76561198088944293,2
2014,Design &amp; Illustration,76561198090715178,2
2014,Free to Play,76561198138053270,2
2014,Design &amp; Illustration,DJKamBer,2
2013,Free to Play,StelerForYou,2
2013,Software Training,maplemage,2
2014,Free to Play,76561198087407319,2
2014,Design &amp; Illustration,boydeer,2
2023,Massively Multiplayer,EizanAratoFujimaki,2
2023,Action,TheDropix101,2
2015,Strategy,SavageEeEe,2
2023,Massively Multiplayer,76561198156664158,2
2014,Education,maplemage,2
2013,Strategy,76561198087586464,2
2023,Massively Multiplayer,76561198078738103,2
2023,Action,97396295,2
2023,Massively Multiplayer,76561198073784601,2
2014,Education,doctr,2
2015,Simulation,76561198061252210,2
2014,Massively Multiplayer,76561198030567998,2
2015,Adventure,pwrt,2
2023,Sports,getf0kinn0sc0pedm9,2
2014,Web Publishing,js41637,2
2014,Web Publishing,ohnospaghet,2
2023,Sports,iamthekingofbrowntown,2
2015,Action,76561198079770573,2
2015,Action,76561198102410011,2
2015,Action,SavageEeEe,2
2015,Adventure,76561198061252210,2
2015,Adventure,76561198074200011,2
2015,Adventure,76561198084390807,2
2012,Massively Multiplayer,76561198028895010,2
2015,Adventure,whiteofwolfing,2
2012,Early Access,DJKamBer,2
2015,Free to Play,tru_mu_,2
2015,Free to Play,sergarino,2
2015,Free to Play,pwrt,2
2023,Strategy,76561198044169764,2
2015,Animation &amp; Modeling,1337lolroflmao,2
2012,Free to Play,DJKamBer,2
2013,Web Publishing,yookobz,2
2023,Strategy,76561198073210139,2
2015,Free to Play,WitchHunter4542,2
2015,Free to Play,Wilfire77,2
2015,Free to Play,VVillis,2
2014,Web Publishing,doctr,2
2014,Web Publishing,Posiblydead,2
2014,Web Publishing,AVATAR715,2
2014,Web Publishing,76561198065593074,2
2015,Massively Multiplayer,boydeer,2
2015,Massively Multiplayer,WitchHunter4542,2
2015,Massively Multiplayer,Mastic,2
2015,Massively Multiplayer,Life-Of-Blu,2
2015,Sports,yookobz,2
2023,Education,washington_,2
2015,Massively Multiplayer,CaptianAutismo,2
2023,Software Training,washington_,2
2015,Massively Multiplayer,76561198095921854,2
2015,Massively Multiplayer,76561198070565427,2
2015,Massively Multiplayer,76561198065593074,2
2023,Sports,76561197994493402,2
2015,Massively Multiplayer,76561198051258119,2
2015,Massively Multiplayer,66666669999999,2
2023,Sports,76561198065593074,2
2023,Sports,76561198077246154,2
2023,Sports,76561198081962345,2
2014,Utilities,76561198090715178,2
2014,Utilities,76561198138053270,2
2014,Utilities,Posiblydead,2
2014,Utilities,UTNerd24,2
2014,Utilities,maplemage,2
2023,Sports,YieuwMage,2
2023,Strategy,76561198078478151,2
2015,Free to Play,CaptianAutismo,2
2015,Massively Multiplayer,mimimomoma,2
2015,Design &amp; Illustration,washington_,2
2023,Early Access,76561198081962345,2
2023,Early Access,76561198085547365,2
2015,Early Access,76561198089393905,2
2015,Early Access,76561198066046412,2
2015,Early Access,76561198065656175,2
2023,Early Access,getf0kinn0sc0pedm9,2
2015,Early Access,76561198054540475,2
2023,Utilities,xfluttersx,2
2023,Early Access,evcentric,2
2015,Design &amp; Illustration,yookobz,2
2015,Design &amp; Illustration,xfluttersx,2
2013,Web Publishing,OzfurAtlas,2
2013,Utilities,DJKamBer,2
2015,Design &amp; Illustration,ohnospaghet,2
2015,Design &amp; Illustration,ii_voltage_ii,2
2023,Web Publishing,76561198065593074,2
2023,Web Publishing,76561198070194565,2
2015,Design &amp; Illustration,UTNerd24,2
2015,Design &amp; Illustration,Nozomikat,2
2015,Design &amp; Illustration,Magjiikal,2
2023,Early Access,YieuwMage,2
2023,Early Access,MainScout,2
2023,Web Publishing,ohnospaghet,2
2015,Design &amp; Illustration,76561198043458582,2
2015,Casual,CobRazor,2
2015,Early Access,Life-Of-Blu,2
2015,Casual,76561198102410011,2
2015,Early Access,Rivtex,2
2015,Animation &amp; Modeling,xfluttersx,2
2015,Free to Play,76561198095921854,2
2015,Free to Play,76561198089393905,2
2012,Design &amp; Illustration,thequeenpanda,2
2015,Free to Play,76561198065656175,2
2015,Free to Play,76561198061252210,2
2015,Free to Play,76561198054540475,2
2023,Design &amp; Illustration,xfluttersx,2
2023,Early Access,2768820078,2
2015,Free to Play,66666669999999,2
2023,Early Access,76561198070565427,2
2023,Strategy,lucasrash,2
2015,Early Access,whodafuqisthisguilao,2
2011,Early Access,76561197970982479,2
2015,Early Access,washington_,2
2015,Early Access,tru_mu_,2
2015,Early Access,sergarino,2
2011,Early Access,2xDelorean,2
2015,Early Access,killbunny38,2
2011,Casual,2xDelorean,2
2023,Utilities,76561198070194565,2
2015,Casual,76561198087010391,2
2015,Early Access,StelerForYou,2
2015,Massively Multiplayer,devvonst,2
2023,Design &amp; Illustration,76561197994493402,2
2015,Massively Multiplayer,possessioniskey,2
2014,Racing,76561197994493402,2
2014,RPG,76561198056290589,2
2014,RPG,76561198060039459,2
2023,Free to Play,76561198065593074,2
2014,RPG,76561198076909484,2
2014,RPG,76561198081962345,2
2014,RPG,76561198084390807,2
2013,Design &amp; Illustration,OzfurAtlas,2
2014,RPG,benedictcuminherbatch,2
2014,RPG,de_Butl3r,2
2023,Racing,76561198070565427,2
2013,Design &amp; Illustration,DieMadchenschanderin,2
2014,Racing,76561198043458582,2
2015,Racing,boydeer,2
2014,Adventure,euzi,2
2014,Adventure,de_Butl3r,2
2013,Casual,WeiEDKrSat,2
2014,Racing,76561198075895633,2
2015,Racing,whodafuqisthisguilao,2
2014,Sports,wantmahbody,2
2023,Racing,YieuwMage,2
2014,Racing,76561198090715178,2
2015,Racing,sandwiches1,2
2015,Racing,mimimomoma,2
2023,Racing,iamthekingofbrowntown,2
2015,Simulation,SavageEeEe,2
2013,Design &amp; Illustration,js41637,2
2014,Massively Multiplayer,wantmahbody,2
2014,Massively Multiplayer,smashiroshh,2
2015,Sports,whodafuqisthisguilao,2
2015,Sports,washington_,2
2015,Sports,tru_mu_,2
2014,Audio Production,76561198060039459,2
2013,Strategy,StelerForYou,2
2015,Sports,evcentric,2
2015,Sports,boydeer,2
2015,Sports,Xx-Woods,2
2014,Massively Multiplayer,76561198075895633,2
2015,Sports,Mossy_Gaming,2
2014,Massively Multiplayer,76561198081962345,2
2013,Education,doctr,2
2013,Education,1337lolroflmao,2
2023,Free to Play,76561198078738103,2
2015,Sports,76561198075277292,2
2015,Sports,76561198061252210,2
2015,Sports,76561198054540475,2
2015,Sports,76561198048353577,2
2023,Casual,76561198078478151,2
2014,Massively Multiplayer,A-Very-Sly-Person,2
2014,Massively Multiplayer,Coldaniel,2
2023,RPG,getf0kinn0sc0pedm9,2
2014,Massively Multiplayer,Mastic,2
2015,Racing,evcentric,2
2014,Casual,76561198060039459,2
2015,Racing,WitchHunter4542,2
2014,Sports,76561198089393905,2
2023,Simulation,76561198109656922,2
2012,Utilities,xfluttersx,2
2015,RPG,whiteofwolfing,2
2014,Racing,xfluttersx,2
2015,RPG,pwrt,2
2015,RPG,76561198095921854,2
2014,Sports,A-Very-Sly-Person,2
2015,RPG,76561198183396245,2
2014,Simulation,76561198075895633,2
2023,Free to Play,76561198044169764,2
2015,Racing,66666669999999,2
2012,Web Publishing,Posiblydead,2
2014,Simulation,76561198097762318,2
2014,Simulation,GoAwayZach,2
2014,Simulation,L1J1N,2
2015,RPG,Derp-e,2
2012,Web Publishing,thequeenpanda,2
2023,Simulation,76561198170198366,2
2015,RPG,SavageEeEe,2
2012,Web Publishing,xfluttersx,2
2015,Racing,2xDelorean,2
2015,Racing,76561198030567998,2
2014,Racing,death-hunter,2
2023,Simulation,76561198078478151,2
2013,Audio Production,maplemage,2
2013,Audio Production,doctr,2
2014,Adventure,76561198097762318,2
2015,Racing,Mossy_Gaming,2
2014,Racing,Nozomikat,2
2023,Simulation,76561198027947401,2
2013,Animation &amp; Modeling,diego9031,2
2023,Adventure,lucasrash,2
2014,Adventure,76561198084390807,2
2014,Adventure,76561198076909484,2
2014,Sports,76561198030567998,2
2015,Massively Multiplayer,washington_,2
2012,Sports,Posiblydead,2
2015,Racing,76561198060447950,2
2015,Racing,76561198054540475,2
2014,Sports,PPanther,2
2015,Racing,76561198047630659,2
2023,Simulation,YieuwMage,2
2023,Education,diego9031,1
2023,Free to Play,76561198081962345,1
2013,Utilities,76561198028895010,1
2013,Video Production,1337lolroflmao,1
2023,Free to Play,76561198094224872,1
2023,Free to Play,76561198085547365,1
2013,Utilities,Pyromanic,1
2023,Free to Play,76561198073784601,1
2013,Utilities,Hirukaz,1
2023,Education,76561198077246154,1
2023,Free to Play,TheDropix101,1
2013,Sports,UTNerd24,1
2023,Free to Play,76561198188979775,1
2013,Sports,Pyromanic,1
2013,Utilities,DieMadchenschanderin,1
2023,Free to Play,76561198170198366,1
2023,Education,76561198085547365,1
2023,Free to Play,76561198097333029,1
2023,Education,76561198088944293,1
2023,Education,DieMadchenschanderin,1
2023,Free to Play,Fr0stedLine,1
2023,Free to Play,76561198115868847,1
2023,Education,EizanAratoFujimaki,1
2023,Free to Play,MainScout,1
2013,Utilities,js41637,1
2023,Education,76561198070194565,1
2015,Design &amp; Illustration,66666669999999,1
2023,Free to Play,getf0kinn0sc0pedm9,1
2023,Sports,76561198027947401,1
2023,Strategy,76561198097333029,1
2012,Early Access,kevinator23,1
2012,Education,doctr,1
2012,Massively Multiplayer,DJKamBer,1
2023,Sports,shark854,1
2023,Sports,lucasrash,1
2023,Sports,evcentric,1
2012,Racing,jarrodtrim,1
2012,Racing,kevinator23,1
2023,Sports,76561198094224872,1
2012,Software Training,76561198028895010,1
2023,Sports,2768820078,1
2023,Simulation,76561198097333029,1
2023,Software Training,diego9031,1
2023,Software Training,EizanAratoFujimaki,1
2023,Software Training,76561198156664158,1
2023,Software Training,76561198088944293,1
2012,Sports,jarrodtrim,1
2012,Sports,kevinator23,1
2012,Utilities,DJKamBer,1
2023,Simulation,TheDropix101,1
2012,Web Publishing,76561198028895010,1
2012,Web Publishing,kevinator23,1
2013,Action,76561198087586464,1
2023,Strategy,97396295,1
2012,Design &amp; Illustration,xfluttersx,1
2023,Strategy,MainScout,1
2012,Design &amp; Illustration,DJKamBer,1
2023,Web Publishing,evcentric,1
2023,Web Publishing,EizanAratoFujimaki,1
2023,Web Publishing,DieMadchenschanderin,1
2023,Web Publishing,76561198088944293,1
2023,Video Production,washington_,1
2023,Video Production,diego9031,1
2023,Video Production,76561198156664158,1
2023,Video Production,76561198088944293,1
2023,Utilities,sad-commie,1
2023,Utilities,OzfurAtlas,1
2023,Utilities,Mastic,1
2023,Utilities,EizanAratoFujimaki,1
2023,Utilities,76561198156664158,1
2023,Utilities,76561198085547365,1
2023,Utilities,76561198077246154,1
2023,Utilities,76561198073784601,1
2023,Utilities,76561198050347115,1
2023,Strategy,exiaez,1
2011,Utilities,2xDelorean,1
2023,Strategy,TheDropix101,1
2012,Audio Production,76561198028895010,1
2012,Audio Production,doctr,1
2012,Design &amp; Illustration,76561198028895010,1
2023,Simulation,76561198188979775,1
2023,Simulation,76561198094224872,1
2013,Sports,76561198048353577,1
2023,Massively Multiplayer,76561198109656922,1
2013,Free to Play,DemonicWolvz,1
2023,Photo Editing,washington_,1
2023,Photo Editing,76561198088944293,1
2023,Photo Editing,76561198070194565,1
2023,Massively Multiplayer,washington_,1
2023,Massively Multiplayer,Xx-Woods,1
2023,Massively Multiplayer,Nozomikat,1
2023,Massively Multiplayer,Myther43,1
2023,Massively Multiplayer,MainScout,1
2023,Massively Multiplayer,GGargula,1
2023,Massively Multiplayer,76561198115868847,1
2023,Massively Multiplayer,76561198097333029,1
2013,Animation &amp; Modeling,2xDelorean,1
2013,Free to Play,WeiEDKrSat,1
2023,Massively Multiplayer,76561198070565427,1
2023,Massively Multiplayer,76561197994493402,1
2013,Free to Play,yookobz,1
2013,Massively Multiplayer,StelerForYou,1
2013,Photo Editing,Pyromanic,1
2013,Racing,Pyromanic,1
2013,Software Training,DemonicWolvz,1
2013,Software Training,DieMadchenschanderin,1
2013,Software Training,Life-Of-Blu,1
2013,Software Training,Pyromanic,1
2013,Education,DieMadchenschanderin,1
2013,Education,76561198028895010,1
2023,RPG,76561198170198366,1
2023,RPG,Leaf_Light_Moscow,1
2013,Animation &amp; Modeling,76561198028895010,1
2013,Animation &amp; Modeling,DemonicWolvz,1
2013,Animation &amp; Modeling,DieMadchenschanderin,1
2013,Animation &amp; Modeling,Pyromanic,1
2013,Audio Production,1337lolroflmao,1
2013,Audio Production,ii_voltage_ii,1
2023,Racing,lucasrash,1
2013,Audio Production,xfluttersx,1
2013,Design &amp; Illustration,DJKamBer,1
2023,Racing,Fr0stedLine,1
2023,Early Access,MeaTCompany,1
2013,Design &amp; Illustration,Life-Of-Blu,1
2023,Racing,76561198078738103,1
2013,Design &amp; Illustration,Pyromanic,1
2023,Racing,76561198050347115,1
2023,Racing,2768820078,1
2013,Design &amp; Illustration,maplemage,1
2023,RPG,exiaez,1
2013,Early Access,76561198087586464,1
2013,Early Access,DemonicWolvz,1
2013,Early Access,Hirukaz,1
2023,RPG,MeaTCompany,1
2023,RPG,MainScout,1
2013,Video Production,Pyromanic,1
2014,Free to Play,76561198043472122,1
2013,Video Production,maplemage,1
2014,Sports,76561198075895633,1
2014,Sports,nubquake123,1
2014,Sports,devvonst,1
2014,Sports,Rainbow-Dashie,1
2014,Sports,L1J1N,1
2015,RPG,76561198075277292,1
2015,RPG,76561198084390807,1
2015,RPG,76561198087010391,1
2015,RPG,A-Very-Sly-Person,1
2014,Sports,76561198077246154,1
2014,Sports,76561198076909484,1
2014,Sports,76561198070194565,1
2014,Racing,pwrt,1
2014,Sports,76561198061730629,1
2015,RPG,Life-Of-Blu,1
2014,Sports,76561198060039459,1
2015,RPG,Mossy_Gaming,1
2014,Software Training,DemonicWolvz,1
2014,Software Training,76561198138053270,1
2014,Software Training,76561198077246154,1
2014,Simulation,possessioniskey,1
2014,Simulation,A-Very-Sly-Person,1
2014,Simulation,76561198031207016,1
2015,Photo Editing,killbunny38,1
2015,Photo Editing,76561198058373434,1
2015,Photo Editing,2768820078,1
2015,Massively Multiplayer,yookobz,1
2014,Utilities,Nozomikat,1
2014,Utilities,76561198088944293,1
2014,Utilities,76561198087407319,1
2014,Utilities,76561198070565427,1
2014,Utilities,76561198070194565,1
2014,Utilities,76561198054540475,1
2014,Strategy,possessioniskey,1
2014,Strategy,benedictcuminherbatch,1
2015,Massively Multiplayer,76561197994493402,1
2015,Massively Multiplayer,76561198030567998,1
2015,Massively Multiplayer,76561198058373434,1
2015,Massively Multiplayer,76561198060447950,1
2015,Massively Multiplayer,Bluezap1,1
2015,Massively Multiplayer,DJKamBer,1
2014,Strategy,76561198076909484,1
2015,Massively Multiplayer,Rainbow-Dashie,1
2015,Massively Multiplayer,TeCool,1
2015,Massively Multiplayer,Wilfire77,1
2015,Massively Multiplayer,sandwiches1,1
2015,Massively Multiplayer,sergarino,1
2014,Sports,pwrt,1
2014,Racing,wantmahbody,1
2015,Racing,76561198044169764,1
2014,Utilities,doctr,1
2015,Simulation,76561198083226897,1
2015,Racing,washington_,1
2015,Racing,whiteofwolfing,1
2014,Racing,76561198088944293,1
2014,Racing,76561198065593074,1
2014,Racing,76561198060039459,1
2014,Racing,76561198056290589,1
2014,Racing,76561198043472122,1
2014,RPG,possessioniskey,1
2014,RPG,nubquake123,1
2015,Simulation,76561198079770573,1
2015,Simulation,76561198087010391,1
2014,Racing,kevinator23,1
2014,RPG,euzi,1
2015,Simulation,76561198097762318,1
2015,Simulation,76561198102410011,1
2015,Simulation,76561198183396245,1
2015,Simulation,Derp-e,1
2014,RPG,76561198089393905,1
2014,RPG,76561198075895633,1
2015,Simulation,Rainbow-Dashie,1
2015,Simulation,StelerForYou,1
2014,Photo Editing,smashiroshh,1
2014,Racing,76561198138053270,1
2014,Racing,97396295,1
2014,Racing,Coldaniel,1
2015,Racing,Xx-Woods,1
2015,Racing,76561198051258119,1
2014,Racing,devvonst,1
2015,Racing,76561198065656175,1
2015,Racing,76561198066046412,1
2015,Racing,76561198075277292,1
2015,Racing,76561198079770573,1
2015,Racing,76561198083226897,1
2015,Racing,76561198084390807,1
2015,Racing,76561198097762318,1
2015,Racing,76561198126640317,1
2015,Racing,76561198183396245,1
2015,Racing,A-Very-Sly-Person,1
2014,Racing,boydeer,1
2015,Racing,EizanAratoFujimaki,1
2015,Racing,Life-Of-Blu,1
2015,Racing,Lord_Exploit,1
2015,Racing,Rivtex,1
2015,Racing,SavageEeEe,1
2014,Racing,L1J1N,1
2015,Racing,VVillis,1
2015,Racing,Wilfire77,1
2014,Utilities,Xx-Woods,1
2014,Utilities,evcentric,1
2023,Early Access,Leaf_Light_Moscow,1
2015,Education,Bluezap1,1
2015,Early Access,Mastic,1
2015,Early Access,Xx-Woods,1
2015,Casual,76561198084390807,1
2015,Early Access,evcentric,1
2015,Casual,76561198074200011,1
2015,Early Access,possessioniskey,1
2015,Early Access,pwrt,1
2015,Early Access,whiteofwolfing,1
2015,Audio Production,therealmorty,1
2015,Education,76561198047630659,1
2015,Education,CaptianAutismo,1
2015,Audio Production,76561198126640317,1
2015,Education,DemonicWolvz,1
2015,Education,DieMadchenschanderin,1
2015,Education,EizanAratoFujimaki,1
2015,Education,Life-Of-Blu,1
2015,Education,Magjiikal,1
2015,Education,ii_voltage_ii,1
2015,Education,sandwiches1,1
2015,Audio Production,UTNerd24,1
2015,Free to Play,76561197994493402,1
2015,Audio Production,DieMadchenschanderin,1
2015,Early Access,Derp-e,1
2015,Early Access,CobRazor,1
2015,Early Access,76561198097762318,1
2015,Early Access,76561198083226897,1
2015,Design &amp; Illustration,76561198044169764,1
2015,Design &amp; Illustration,76561198066046412,1
2015,Design &amp; Illustration,76561198073784601,1
2015,Design &amp; Illustration,76561198126640317,1
2015,Design &amp; Illustration,CaptianAutismo,1
2015,Design &amp; Illustration,DJKamBer,1
2015,Design &amp; Illustration,EizanAratoFujimaki,1
2015,Design &amp; Illustration,Lord_Exploit,1
2015,Design &amp; Illustration,2768820078,1
2015,Design &amp; Illustration,iamthekingofbrowntown,1
2015,Design &amp; Illustration,kevinator23,1
2015,Design &amp; Illustration,sandwiches1,1
2015,Design &amp; Illustration,therealmorty,1
2015,Casual,whiteofwolfing,1
2015,Early Access,76561198048353577,1
2015,Early Access,76561198051258119,1
2015,Early Access,76561198058373434,1
2015,Early Access,76561198060447950,1
2015,Early Access,76561198061252210,1
2015,Early Access,76561198065593074,1
2015,Early Access,76561198079770573,1
2015,Audio Production,AVATAR715,1
2015,Audio Production,76561198102421718,1
2014,Utilities,ii_voltage_ii,1
2014,Web Publishing,xfluttersx,1
2015,Adventure,whodafuqisthisguilao,1
2015,Free to Play,whiteofwolfing,1
2015,Adventure,ReMiXOfficalSteam,1
2015,Adventure,76561198083226897,1
2015,Action,Mossy_Gaming,1
2015,Indie,76561198083226897,1
2015,Indie,76561198087010391,1
2015,Action,76561198087010391,1
2015,Action,76561198083226897,1
2015,Action,76561198074200011,1
2014,Web Publishing,ii_voltage_ii,1
2015,Free to Play,76561198058373434,1
2014,Web Publishing,Nozomikat,1
2014,Web Publishing,DJKamBer,1
2014,Web Publishing,76561197994493402,1
2014,Video Production,maplemage,1
2014,Video Production,kube134,1
2014,Video Production,doctr,1
2014,Video Production,AVATAR715,1
2014,Video Production,76561198054540475,1
2014,Utilities,ohnospaghet,1
2014,Utilities,kube134,1
2015,Free to Play,possessioniskey,1
2015,Animation &amp; Modeling,76561198030567998,1
2015,Animation &amp; Modeling,76561198043458582,1
2015,Animation &amp; Modeling,76561198047630659,1
2015,Free to Play,76561198060447950,1
2015,Free to Play,76561198084390807,1
2015,Audio Production,1337lolroflmao,1
2015,Free to Play,76561198141443390,1
2015,Free to Play,76561198183396245,1
2015,Animation &amp; Modeling,washington_,1
2015,Free to Play,Berserklejerker,1
2015,Free to Play,CobRazor,1
2015,Animation &amp; Modeling,therealmorty,1
2015,Animation &amp; Modeling,sandwiches1,1
2015,Animation &amp; Modeling,death-hunter,1
2015,Animation &amp; Modeling,UTNerd24,1
2015,Free to Play,GGargula,1
2015,Free to Play,Life-Of-Blu,1
2015,Animation &amp; Modeling,Life-Of-Blu,1
2015,Animation &amp; Modeling,EizanAratoFujimaki,1
2015,Free to Play,TeCool,1
2015,Animation &amp; Modeling,CaptianAutismo,1
2015,Animation &amp; Modeling,Bluezap1,1
2015,Animation &amp; Modeling,AVATAR715,1
2015,Animation &amp; Modeling,76561198054540475,1
2014,Photo Editing,Posiblydead,1
2014,Photo Editing,76561198081962345,1
2014,Photo Editing,76561198077246154,1
2014,Design &amp; Illustration,DemonicWolvz,1
2023,Action,MeaTCompany,1
2014,Design &amp; Illustration,xfluttersx,1
2014,Design &amp; Illustration,kube134,1
2014,Design &amp; Illustration,kevinator23,1
2014,Design &amp; Illustration,evcentric,1
2014,Design &amp; Illustration,doctr,1
2014,Design &amp; Illustration,death-hunter,1
2014,Design &amp; Illustration,UTNerd24,1
2014,Design &amp; Illustration,Posiblydead,1
2014,Design &amp; Illustration,Mastic,1
2014,Design &amp; Illustration,76561198087407319,1
2023,Animation &amp; Modeling,76561198070194565,1
2014,Design &amp; Illustration,76561198077246154,1
2014,Design &amp; Illustration,76561198070565427,1
2014,Design &amp; Illustration,76561198054540475,1
2014,Design &amp; Illustration,76561197994493402,1
2023,Adventure,76561198188979775,1
2023,Adventure,MeaTCompany,1
2014,Casual,de_Butl3r,1
2014,Casual,76561198076909484,1
2014,Audio Production,ohnospaghet,1
2014,Audio Production,maplemage,1
2014,Early Access,76561198043458582,1
2014,Early Access,76561198060039459,1
2023,Action,76561198188979775,1
2014,Early Access,76561198061174192,1
2015,Video Production,EizanAratoFujimaki,1
2015,Web Publishing,66666669999999,1
2015,Web Publishing,76561197994493402,1
2015,Web Publishing,76561198047630659,1
2015,Web Publishing,76561198054540475,1
2015,Web Publishing,76561198065593074,1
2015,Web Publishing,76561198070194565,1
2015,Web Publishing,AVATAR715,1
2015,Web Publishing,Bluezap1,1
2015,Web Publishing,CaptianAutismo,1
2015,Web Publishing,DemonicWolvz,1
2015,Web Publishing,Lord_Exploit,1
2015,Web Publishing,iamthekingofbrowntown,1
2015,Web Publishing,kevinator23,1
2015,Web Publishing,sandwiches1,1
2015,Web Publishing,xfluttersx,1
2014,Early Access,A-Very-Sly-Person,1
2014,Early Access,76561198093112529,1
2014,Early Access,76561198088944293,1
2014,Early Access,76561198076909484,1
2014,Early Access,76561198070565427,1
2014,Audio Production,kube134,1
2023,Animation &amp; Modeling,76561198077246154,1
2014,Massively Multiplayer,nubquake123,1
2023,Design &amp; Illustration,ohnospaghet,1
2023,Casual,lucasrash,1
2023,Casual,shark854,1
2014,Action,76561198076909484,1
2023,Design &amp; Illustration,76561198044169764,1
2023,Design &amp; Illustration,76561198065593074,1
2023,Design &amp; Illustration,76561198077246154,1
2023,Design &amp; Illustration,76561198081962345,1
2023,Design &amp; Illustration,76561198085547365,1
2023,Design &amp; Illustration,DieMadchenschanderin,1
2023,Design &amp; Illustration,EizanAratoFujimaki,1
2023,Design &amp; Illustration,sad-commie,1
2023,Animation &amp; Modeling,76561198156664158,1
2023,Early Access,76561198027947401,1
2013,Web Publishing,maplemage,1
2023,Early Access,76561198073784601,1
2023,Early Access,76561198078478151,1
2023,Early Access,76561198097333029,1
2023,Early Access,76561198115868847,1
2023,Early Access,76561198170198366,1
2013,Web Publishing,DieMadchenschanderin,1
2023,Early Access,Fr0stedLine,1
2013,Web Publishing,DJKamBer,1
2014,Action,de_Butl3r,1
2014,Adventure,76561198093112529,1
2014,Animation &amp; Modeling,76561198090715178,1
2023,Casual,76561198188979775,1
2023,Animation &amp; Modeling,EizanAratoFujimaki,1
2023,Animation &amp; Modeling,OzfurAtlas,1
2023,Animation &amp; Modeling,sad-commie,1
2023,Audio Production,76561197994493402,1
2023,Audio Production,76561198050347115,1
2023,Audio Production,76561198156664158,1
2023,Audio Production,ohnospaghet,1
2023,Audio Production,xfluttersx,1
2014,Audio Production,js41637,1
2014,Audio Production,doctr,1
2014,Audio Production,Xx-Woods,1
2014,Audio Production,1337lolroflmao,1
2014,Animation &amp; Modeling,smashiroshh,1
2014,Animation &amp; Modeling,maplemage,1
2014,Animation &amp; Modeling,kube134,1
2014,Animation &amp; Modeling,js41637,1
2014,Animation &amp; Modeling,ii_voltage_ii,1
2014,Animation &amp; Modeling,doctr,1
2014,Animation &amp; Modeling,Posiblydead,1
2023,Casual,76561198097333029,1
2014,Animation &amp; Modeling,76561198138053270,1
2015,Video Production,CaptianAutismo,1
2015,Video Production,AVATAR715,1
2015,Utilities,xfluttersx,1
2015,Sports,Rainbow-Dashie,1
2015,Sports,76561198089393905,1
2015,Sports,76561198097762318,1
2015,Sports,76561198126640317,1
2015,Sports,76561198141443390,1
2014,Massively Multiplayer,76561198088944293,1
2015,Sports,CaptianAutismo,1
2014,Massively Multiplayer,76561198087407319,1
2014,Massively Multiplayer,76561198084390807,1
2015,Sports,GGargula,1
2015,Sports,Lord_Exploit,1
2015,Sports,SavageEeEe,1
2015,Utilities,washington_,1
2015,Sports,TeCool,1
2015,Sports,VVillis,1
2015,Sports,devvonst,1
2014,Massively Multiplayer,76561198065593074,1
2015,Sports,getf0kinn0sc0pedm9,1
2014,Massively Multiplayer,76561198061730629,1
2014,Massively Multiplayer,76561198061174192,1
2014,Massively Multiplayer,76561198060039459,1
2015,Sports,pwrt,1
2014,Massively Multiplayer,76561198056290589,1
2015,Sports,76561198084390807,1
2015,Sports,76561198079770573,1
2015,Sports,76561198073784601,1
2015,Sports,76561198070565427,1
2014,Massively Multiplayer,euzi,1
2014,Massively Multiplayer,Rainbow-Dashie,1
2014,Massively Multiplayer,PPanther,1
2014,Massively Multiplayer,L1J1N,1
2014,Massively Multiplayer,DJKamBer,1
2015,Simulation,whiteofwolfing,1
2015,Software Training,1337lolroflmao,1
2015,Software Training,76561198054540475,1
2015,Software Training,76561198070194565,1
2015,Software Training,AVATAR715,1
2015,Software Training,CaptianAutismo,1
2015,Software Training,EizanAratoFujimaki,1
2015,Software Training,Magjiikal,1
2015,Software Training,death-hunter,1
2015,Software Training,sandwiches1,1
2015,Sports,1337lolroflmao,1
2014,Massively Multiplayer,97396295,1
2015,Sports,2xDelorean,1
2015,Sports,66666669999999,1
2014,Massively Multiplayer,76561198138053270,1
2014,Massively Multiplayer,76561198089393905,1
2015,Sports,sergarino,1
2014,Massively Multiplayer,76561198054540475,1
2014,Massively Multiplayer,76561198031207016,1
2014,Education,AVATAR715,1
2014,Education,76561198054540475,1
2014,Early Access,possessioniskey,1
2014,Early Access,devvonst,1
2014,Early Access,benedictcuminherbatch,1
2015,Utilities,2768820078,1
2015,Utilities,76561197994493402,1
2015,Utilities,76561198030567998,1
2015,Utilities,76561198043458582,1
2015,Utilities,76561198047630659,1
2015,Utilities,76561198066046412,1
2015,Utilities,76561198126640317,1
2015,Utilities,Bluezap1,1
2015,Utilities,CaptianAutismo,1
2015,Utilities,EizanAratoFujimaki,1
2015,Utilities,Life-Of-Blu,1
2015,Utilities,Magjiikal,1
2015,Utilities,Wilfire77,1
2015,Utilities,boydeer,1
2015,Utilities,ohnospaghet,1
2015,Utilities,sandwiches1,1
2015,Utilities,therealmorty,1
2014,Education,76561198138053270,1
2014,Education,DemonicWolvz,1
2014,Indie,de_Butl3r,1
2014,Education,Mastic,1
2014,Indie,benedictcuminherbatch,1
2014,Free to Play,possessioniskey,1
2014,Free to Play,euzi,1
2014,Free to Play,death-hunter,1
2015,Strategy,76561198075277292,1
2015,Strategy,76561198087010391,1
2015,Strategy,76561198097762318,1
2015,Strategy,76561198102410011,1
2014,Free to Play,PPanther,1
2014,Free to Play,L1J1N,1
2014,Free to Play,GoAwayZach,1
2014,Free to Play,76561198097762318,1
2015,Strategy,Derp-e,1
2014,Free to Play,76561198075895633,1
2015,Design &amp; Illustration,76561198030567998,1
2015,Strategy,Mossy_Gaming,1
2014,Free to Play,76561198031207016,1
2014,Education,sad-commie,1
2014,Education,js41637,1
2014,Education,death-hunter,1
2014,Education,Xx-Woods,1
2015,Animation &amp; Modeling,ohnospaghet,1
